State, Name, Longitude, Latitude, Elevation, MaxTemperature, MinTemperature, AvgTemperature, AtObsTemperature, Precipitation, Snowfall, SnowDepth
IL, PALESTINE, -87.614, 38.999, 448, M, M, M, M, 0.21, 2.3, 4
IL, LAWRENCEVILLE VINCENNES INTL AP, -87.599, 38.760, 427, 15, 7, 11.0, M, M, M, M
IL, HUTSONVILLE, -87.666, 39.110, 483, M, M, M, M, 0.07, M, M
IL, CASEY, -87.975, 39.298, 620, 15, -0, 7.5, 5, 0.14, 1.5, 2
IL, LAWRENCEVILLE 2WSW, -87.720, 38.724, 451, 15, 2, 8.5, 7, 0.09, 1.0, 5
IN, BOONVILLE 1S, -87.274, 38.030, 400, 18, 10, 14.0, 15, 0.48, 4.0, 4
IN, EVANSVILLE REGIONAL AP, -87.515, 38.050, 402, 17, 10, 13.5, M, 0.66, 3.5, 1
IN, 1 WSW PRINCETON, -87.593, 38.352, 450, 18, 3, 10.5, 7, 0.34, M, 3
IN, WASHINGTON 1 W, -87.199, 38.649, 482, 14, 2, 8.0, 9, 0.48, 5.8, 8
IN, VINCENNES 4 E, -87.463, 38.679, 530, M, M, M, M, 0.05, 0.9, 5
IN, FARMERSBURG TV-2, -87.390, 39.243, 548, 14, 6, 10.0, 14, 0.66, 7.9, 9
IN, VINCENNES 5 NE, -87.488, 38.739, 452, 19, 4, 11.5, 9, 0.03, 2.0, 5
IN, SHAKAMAK STATE PARK, -87.244, 39.161, 549, 18, -4, 7.0, -4, 0.09, 1.2, 3
IL, ROBINSON, -87.777, 39.006, 535, 13, -0, 6.5, 7, T, 1.0, 2
IN, BICKNELL 0.3 W, -87.315, 38.775, 517, M, M, M, M, 0.08, 1.0, 2
IN, GRAYSVILLE 5 WNW, -87.640, 39.131, 447, M, M, M, M, 0.09, 1.0, 3
IN, WASHINGTON 1.5 NW, -87.190, 38.675, 476, M, M, M, M, 0.10, 1.2, 4
IN, FRANCISCO 0.1 SE, -87.447, 38.333, 457, M, M, M, M, 0.12, 1.5, M
IN, PETERSBURG 1.4 ENE, -87.260, 38.502, 561, M, M, M, M, 0.10, 1.0, 2
IN, POSEYVILLE 2.8 NW, -87.822, 38.197, 453, M, M, M, M, 0.13, 1.2, M
IN, EVANSVILLE 5.9 WNW, -87.645, 38.016, 584, M, M, M, M, 0.06, 1.0, M
IN, BOONVILLE 2.4 N, -87.276, 38.080, 469, M, M, M, M, 0.08, 1.0, 1
IN, BOONVILLE 1.4 N WBNL RADIO, -87.274, 38.065, 466, M, M, M, M, 0.08, 1.0, 1
IN, PRINCETON 1.0 NW, -87.580, 38.368, 472, M, M, M, M, 0.00, 0.0, M
IN, BOONVILLE 4.5 WSW, -87.350, 38.019, 422, M, M, M, M, 0.12, 1.5, M
IN, EVANSVILLE 3.5 ENE, -87.488, 38.011, 386, M, M, M, M, T, M, M
IN, ROCKVILLE, -87.227, 39.759, 689, 17, -6, 5.5, 7, 0.60, M, M
IN, PERRYSVILLE 4 WNW, -87.507, 40.074, 611, 7, -4, 1.5, 5, 0.07, 1.0, 3
IN, LOWELL WWTP, -87.417, 41.264, 665, 23, -9, 7.0, 3, 0.07, 4.0, 17
IN, MOROCCO 1NW, -87.478, 40.959, 674, M, M, M, M, 0.02, 1.0, 10
IN, FORESMAN RIVER, -87.307, 40.871, 645, M, M, M, M, M, M, M
IN, CROWN POINT 1N, -87.354, 41.439, 696, M, M, M, M, 0.09, 1.5, 12
IN, PENCE 1 SW, -87.525, 40.352, 700, M, M, M, M, 0.00, 0.0, 3
IN, LAKE VILLAGE 7SE, -87.383, 41.086, 675, M, M, M, M, 0.05, 1.0, 12
IL, CHICAGO MIDWAY AP 3SW, -87.777, 41.737, 620, 18, 1, 9.5, 8, 0.50, 15.9, 26
IL, CHICAGO MIDWAY AP, -87.755, 41.784, 610, 18, 1, 9.5, M, M, M, 13
IL, ST ANNE, -87.714, 41.023, 666, M, M, M, M, 0.04, 0.8, 9
IL, OGDEN, -87.957, 40.110, 675, 6, -4, 1.0, 2, 0.05, 1.1, 3
IN, TERRE HAUTE HULMAN REGIONAL AP, -87.322, 39.443, 567, 15, 6, 10.5, M, M, M, M
IL, CHICAGO NORTHERLY ISLAND, -87.609, 41.856, 583, 17, 2, 9.5, 10, M, M, M
IL, LANSING 2S, -87.542, 41.542, 614, M, M, M, M, 0.05, 0.8, 12
IL, GLENVIEW 1.2 WNW, -87.836, 42.089, 656, M, M, M, M, M, M, M
IL, OAK LAWN 1.6 WNW, -87.778, 41.727, 617, M, M, M, M, 0.07, 1.0, M
IL, ELMHURST 0.8 ESE, -87.930, 41.893, 686, M, M, M, M, 0.12, 1.6, 16
IN, WEST TERRE HAUTE 5.0 SW, -87.504, 39.405, 539, M, M, M, M, 0.00, 0.0, M
IL, PARK RIDGE 0.7 WNW, -87.856, 42.017, 632, M, M, M, M, 0.08, 1.4, M
IL, WINNETKA 0.8 ESE, -87.729, 42.102, 630, M, M, M, M, 0.09, 1.8, 25
IL, NEW LENOX 3.3 E, -87.919, 41.519, 679, M, M, M, M, 0.11, 1.3, 13
IL, MANHATTAN 1.9 SE, -87.962, 41.407, 671, M, M, M, M, M, M, M
IL, ROGERS PARK 1.5 SW, -87.692, 41.996, 595, M, M, M, M, 0.09, 1.5, 14
IN, GARY 4.8 ENE, -87.255, 41.617, 612, M, M, M, M, 0.26, 4.3, M
IL, WATSEKA 6.9 WNW, -87.860, 40.800, 641, M, M, M, M, 0.02, 5.3, M
IN, SCHERERVILLE 1.1 E, -87.427, 41.489, 645, M, M, M, M, 0.19, M, M
IL, DARIEN 0.4 SSE, -87.975, 41.743, 750, M, M, M, M, 0.08, 1.2, 16
IL, ASHKUM 5.6 E, -87.846, 40.878, 620, M, M, M, M, 0.10, 0.9, 10
IL, ELMHURST 2.0 SE, -87.921, 41.875, 694, M, M, M, M, 0.11, 1.6, M
IL, ROGERS PARK 0.6 ESE, -87.670, 42.004, 591, M, M, M, M, 0.16, M, M
IN, SCHERERVILLE 1.4 E, -87.421, 41.485, 657, M, M, M, M, M, M, M
IL, MONEE 4.9 W, -87.848, 41.415, 725, M, M, M, M, 0.14, M, M
IL, ELMWOOD PARK 0.7 ESE, -87.804, 41.918, 641, M, M, M, M, M, M, M
IL, HOMER 2.0 NW, -87.984, 40.054, 659, M, M, M, M, 0.13, M, M
IL, MIDLOTHIAN 0.1 SSE, -87.723, 41.625, 621, M, M, M, M, 0.06, M, M
IN, HEBRON 6.0 SSW, -87.237, 41.240, 657, M, M, M, M, M, M, M
IL, HOMER GLEN 0.7 NNE, -87.933, 41.608, 757, M, M, M, M, 0.07, 1.0, 15
IL, HARWOOD HEIGHTS 0.4 NNE, -87.803, 41.972, 648, M, M, M, M, 0.16, 1.4, 16
IL, WESTMONT 1.1 SSW, -87.985, 41.783, 754, M, M, M, M, M, M, M
IL, HOOPESTON 0.6 E, -87.660, 40.464, 730, M, M, M, M, 0.10, 1.3, 8
IN, MUNSTER 1.5 NNW, -87.511, 41.568, 597, M, M, M, M, 0.05, 2.6, M
IL, CISSNA PARK 0.6 S, -87.891, 40.558, 662, M, M, M, M, M, M, M
IL, CRETE 3.3 ENE FRANKTUARY FARM, -87.554, 41.466, 679, M, M, M, M, 0.06, 1.0, 13
IL, CRETE 2.7 W, -87.666, 41.446, 751, M, M, M, M, 0.10, M, M
IL, DANVILLE 0.7 NNW, -87.624, 40.154, 647, M, M, M, M, 0.03, M, M
IN, RILEY 0.3 NNW, -87.302, 39.394, 563, M, M, M, M, 0.06, 0.8, 1
IL, CHICAGO HEIGHTS 2.4 NNW, -87.654, 41.543, 643, M, M, M, M, 0.09, 1.2, 15
IL, CRETE 3.7 SSE, -87.584, 41.405, 722, M, M, M, M, M, M, M
IL, ST ANNE 3.2 NNE, -87.703, 41.069, 633, M, M, M, M, 0.22, M, M
IL, MOKENA 3.4 WNW, -87.934, 41.554, 681, M, M, M, M, 0.09, M, M
IL, DANVILLE 4.2 NW, -87.668, 40.193, 696, M, M, M, M, 0.04, 2.0, M
IL, CHICAGO WAUKEGAN REGIONAL AP, -87.863, 42.425, 710, 10, -2, 4.0, M, M, M, M
WI, KENOSHA WWTP, -87.816, 42.561, 595, 9, -2, 3.5, 7, 0.26, 7.0, 20
WI, RACINE WWTP, -87.786, 42.703, 592, 2, -7, -2.5, -2, 0.00, 0.0, 12
WI, RACINE BATTEN AIRPORT, -87.818, 42.759, 668, 10, -3, 3.5, M, M, M, M
WI, PLYMOUTH WWTP, -87.971, 43.730, 828, -1, -12, -6.5, -9, 0.00, 0.0, 11
WI, SHEBOYGAN COUNTY MEMORIAL AP, -87.849, 43.775, 751, 7, -10, -1.5, M, T, M, M
WI, KENOSHA REGIONAL AP, -87.938, 42.595, 733, 8, -2, 3.0, M, M, M, M
WI, MILWAUKEE MITCHELL AIRPORT, -87.904, 42.955, 667, 8, -4, 2.0, M, 0.26, 3.7, 16
WI, HINGHAM WWTP, -87.910, 43.641, 763, 1, -10, -4.5, -8, 0.00, 0.0, 17
WI, OOSTBURG WWTP, -87.800, 43.631, 678, M, M, M, M, 0.00, 0.0, 13
WI, SOUTH MILWAUKEE WWTP, -87.850, 42.901, 643, 2, -6, -2.0, -4, 0.00, 0.0, 12
WI, SHEBOYGAN WWTP, -87.709, 43.718, 603, 3, -13, -5.0, -11, 0.00, 0.0, 10
WI, GRAFTON WWTP, -87.955, 43.308, 730, 1, -9, -4.0, -7, 0.00, 0.0, 15
WI, BELGIUM WWTP, -87.855, 43.513, 731, -0, -11, -5.5, -4, 0.00, 0.0, 16
WI, SAUKVILLE WWTP, -87.940, 43.375, 759, -2, -11, -6.5, -8, 0.00, 0.0, 15
IL, LINCOLNSHIRE 0.9 N, -87.919, 42.208, 686, M, M, M, M, M, M, M
IL, LAKE BLUFF 1.3 W, -87.876, 42.282, 705, M, M, M, M, 0.06, M, M
IL, BANNOCKBURN 0.5 ESE, -87.860, 42.190, 673, M, M, M, M, 0.09, 1.6, M
IL, BUFFALO GROVE 1.5 N, -87.959, 42.188, 699, M, M, M, M, 0.03, 1.9, 15
IL, WAUKEGAN 2.2 N, -87.864, 42.402, 718, M, M, M, M, 0.03, 2.3, 8
IL, LAKE FOREST 2.1 NNE, -87.846, 42.266, 712, M, M, M, M, M, M, M
IL, GURNEE 1.6 W, -87.967, 42.378, 761, M, M, M, M, 0.01, 0.3, 17
WI, KENOSHA 1.7 S, -87.857, 42.560, 652, M, M, M, M, 0.05, 0.3, 12
WI, SHOREWOOD 0.6 NW, -87.893, 43.098, 663, M, M, M, M, T, T, 12
IN, CORYDON, -86.118, 38.218, 715, M, M, M, M, 0.07, M, M
IN, DUBOIS SRN IN FORAGE FARM, -86.698, 38.456, 690, 25, 8, 16.5, 9, 0.08, 1.0, 2
IN, SHOALS 8 S, -86.794, 38.553, 477, 27, 12, 19.5, 13, 0.14, 1.0, 2
IN, MADISON SEWAGE PLANT, -85.394, 38.737, 460, M, M, M, M, M, M, M
IN, WILLIAMS 3 SW, -86.685, 38.767, 547, M, M, M, M, 0.11, 0.5, T
IN, OOLITIC PURDUE EX FRM, -86.552, 38.889, 649, 22, 7, 14.5, 12, 0.08, 0.6, 4
IN, NORTH VERNON 2 ESE, -85.600, 39.001, 719, 22, 14, 18.0, 17, 0.31, 3.6, 6
IN, ELLISTON, -86.937, 39.031, 669, M, M, M, M, 0.09, 1.0, 2
IN, BLOOMINGTON MONROE COUNTY AP, -86.617, 39.143, 831, 17, 11, 14.0, M, 0.29, M, M
IN, BLOOMINGTON INDIANA UNIV, -86.521, 39.174, 830, 25, 5, 15.0, 10, 0.05, 1.2, 3
IN, COLUMBUS, -85.923, 39.166, 609, 22, 8, 15.0, 14, 0.04, 0.5, 5
IN, SPENCER, -86.770, 39.284, 549, 18, 4, 11.0, 10, 0.05, 1.0, 3
KY, LEXINGTON BLUE GRASS ARPT, -84.606, 38.041, 980, 26, 19, 22.5, M, 0.84, 2.3, 1
KY, TAYLORSVILLE 2SW, -85.371, 38.014, 498, M, M, M, M, M, 3.0, 4
KY, SHEPHERDSVILLE 5NE, -85.624, 38.054, 615, M, M, M, M, S, 0.0, 0
KY, FRANKFORT CAPITAL CITY AP, -84.904, 38.185, 777, 26, 20, 23.0, M, 0.45, M, M
KY, GEORGETOWN WATER WKS, -84.562, 38.209, 805, M, M, M, M, 0.76, M, M
KY, LOUISVILLE MCALPINE, -85.792, 38.278, 440, 37, 17, 27.0, 18, 0.05, M, M
KY, WARSAW MARKLAND DAM, -84.967, 38.774, 451, 25, 18, 21.5, 19, 0.05, M, M
KY, CINCINNATI/NORTHERN KENTUCKY INTERNATIONAL AIRPORT, -84.672, 39.044, 861, 21, 16, 18.5, M, 0.42, 3.7, 6
KY, DRY RIDGE 5 NNW, -84.606, 38.758, 923, M, M, M, M, 0.06A, M, M
KY, TAYLORSVILLE LAKE, -85.309, 38.001, 700, 28, 16, 22.0, 21, 0.15, 2.0, 0
OH, CINCINNATI MUNICIPAL AP LUNKEN FIELD, -84.416, 39.106, 475, 24, 18, 21.0, M, T, M, M
OH, HAMILTON BUTLER COUNTY REGIONAL AP, -84.521, 39.361, 606, 22, 17, 19.5, M, 0.41, M, M
OH, MIAMITOWN, -84.695, 39.216, 482, M, M, M, M, 0.05, M, M
KY, LOUISVILLE WFO, -85.644, 38.115, 632, 22, 15, 18.5, 15, 0.45, 4.2, 4
OH, FAIRFIELD, -84.590, 39.348, 575, 27, 16, 21.5, 17, M, 0.5, 1
KY, VERSAILLES 3 NNW, -84.746, 38.095, 891, 26, 19, 22.5, M, 0.78, M, M
KY, LOUISVILLE BOWMAN FIELD, -85.663, 38.230, 540, 24, 17, 20.5, M, 0.33, M, M
KY, LOUISVILLE INTL AP, -85.731, 38.177, 480, 23, 17, 20.0, M, 0.46, 4.9, 1
IN, GREENSBURG, -85.489, 39.348, 937, 18, 11, 14.5, 11, 0.20, 2.5, 9
IN, FRENCH LICK 3N, -86.613, 38.595, 733, 24, 11, 17.5, 11, 0.01, 2.0, 2
IN, (WD9HTN)COLUMBUS 2.2 NE, -85.879, 39.229, 807, M, M, M, M, M, M, M
IN, MILLTOWN 6.1 SW, -86.349, 38.277, 823, M, M, M, M, M, M, M
IN, CELESTINE 0.3 WSW, -86.784, 38.382, 542, M, M, M, M, 0.14, 1.5, M
IN, GALENA 3.0 SE, -85.896, 38.323, 831, M, M, M, M, 0.06, 0.7, M
KY, BURLINGTON 0.4 SW, -84.728, 39.020, 824, M, M, M, M, 0.07, 0.5, M
KY, EMINENCE 4.0 NW, -85.220, 38.410, 897, M, M, M, M, T, M, M
IN, BEDFORD 5 WNW, -86.571, 38.888, 760, 18, 11, 14.5, M, 0.74, M, M
IN, ELNORA, -87.092, 38.870, 480, 21, 8, 14.5, 15, 0.53, 8.5, 10
IN, CLIFTY CREEK, -85.421, 38.740, 472, M, M, M, M, M, M, M
IN, COLUMBUS 0.4 WSW, -85.920, 39.208, 633, M, M, M, M, 0.25, M, M
IN, COLUMBUS 3.2 ENE, -85.855, 39.220, 650, M, M, M, M, 0.11, 0.9, 4
IN, TAYLORSVILLE 0.8 SSW, -85.953, 39.285, 659, M, M, M, M, 0.10, 1.0, 5
IN, CHARLESTOWN 2.6 N, -85.668, 38.491, 627, M, M, M, M, M, M, M
IN, JEFFERSONVILLE 0.8 NW, -85.736, 38.310, 485, M, M, M, M, 0.10, 0.7, 2
IN, JEFFERSONVILLE 0.4 SE, -85.720, 38.297, 466, M, M, M, M, 0.10, 0.6, 1
IN, MILLTOWN 3.7 WSW, -86.338, 38.324, 675, M, M, M, M, 0.11, 1.2, M
IN, JASONVILLE 4.0 ENE, -87.145, 39.176, 550, M, M, M, M, 0.03, 1.0, 3
IN, HUNTINGBURG 0.4 SSW, -86.961, 38.293, 503, M, M, M, M, 0.14, 1.3, 2
IN, JASPER 5.7 ESE, -86.845, 38.364, 558, M, M, M, M, 0.14, 1.2, 2
IN, JASPER 8.8 NW, -87.040, 38.490, 505, M, M, M, M, M, M, M
IN, AURORA 3.9 W, -84.976, 39.070, 697, M, M, M, M, 0.07, 1.0, 7
IN, MOORES HILL 5.7 SSE, -85.036, 39.042, 704, M, M, M, M, 0.03, 0.6, M
IN, PLAINVILLE 1.3 S, -87.155, 38.785, 552, M, M, M, M, 0.10, 1.1, 4
IN, GALENA 4.3 ENE, -85.870, 38.380, 935, M, M, M, M, 0.05, 0.6, 1
IN, CORYDON 0.8 ESE, -86.112, 38.209, 646, M, M, M, M, M, M, M
IN, MILLTOWN 5.7 SSE, -86.254, 38.263, 636, M, M, M, M, 0.09, 0.7, 0
IN, ELIZABETH 1.4 N, -85.977, 38.146, 807, M, M, M, M, 0.14, 0.8, M
IN, NEW SALISBURY 1.2 WNW, -86.117, 38.318, 724, M, M, M, M, 0.09, 0.8, M
IN, HANOVER 1.4 S, -85.473, 38.696, 761, M, M, M, M, 0.07, 0.5, 2
IN, MITCHELL 4.1 E, -86.401, 38.725, 666, M, M, M, M, 0.14, 1.5, 4
IN, BEDFORD 6.5 SE, -86.407, 38.793, 705, M, M, M, M, 0.13, 1.0, 6
IN, BEDFORD 8.6 NNW, -86.562, 38.972, 713, M, M, M, M, 0.07, 1.0, M
IN, BEDFORD 3.7 N, -86.478, 38.914, 636, M, M, M, M, 0.07, 1.2, 4
IN, GOSPORT 4.2 E, -86.587, 39.351, 722, M, M, M, M, 0.08, M, M
IN, ELLETTSVILLE 2.7 NE, -86.594, 39.262, 765, M, M, M, M, 0.05, 1.0, 6
IN, BLOOMINGTON 6.5 WNW, -86.630, 39.208, 833, M, M, M, M, 0.11, 1.2, M
IN, SHOALS 4.0 E, -86.718, 38.661, 745, M, M, M, M, 0.17, 1.2, M
IN, AURORA 3.6 SSE, -84.887, 39.015, 735, M, M, M, M, 0.04, 0.8, 5
IN, ORLEANS 4.4 ENE, -86.374, 38.678, 712, M, M, M, M, M, M, M
IN, GOSPORT 4.0 WSW, -86.730, 39.320, 581, M, M, M, M, 0.06, M, M
IN, SPENCER 7.0 S, -86.778, 39.186, 774, M, M, M, M, 0.10, 1.0, 3
IN, OSGOOD 4.1 NE, -85.236, 39.169, 952, M, M, M, M, 0.06, 0.6, 4
IN, FREDERICKSBURG 3.6 NNE, -86.174, 38.484, 771, M, M, M, M, 0.09, M, M
IN, SALEM 0.5 NE, -86.094, 38.612, 787, M, M, M, M, M, M, M
IN, NEW SALEM 1.4 SSE, -85.894, 38.602, 971, M, M, M, M, 0.03, 0.7, M
KY, FLORENCE 1.7 SSW, -84.651, 38.968, 900, M, M, M, M, 0.05, M, M
KY, FOX CHASE 1.4 W, -85.715, 38.045, 499, M, M, M, M, 0.09, 0.7, 1
KY, FRANKFORT 3.3 NE, -84.818, 38.221, 735, M, M, M, M, 0.15, 1.5, 2
KY, FRANKFORT 7.3 W, -85.001, 38.193, 841, M, M, M, M, M, M, M
KY, FRANKFORT 8.0 NNE, -84.830, 38.303, 499, M, M, M, M, 0.12, 1.5, M
KY, LEXINGTON 3.7 WSW, -84.519, 38.016, 1004, M, M, M, M, 0.18, M, M
KY, LEXINGTON 1.7 SSE, -84.495, 38.025, 1010, M, M, M, M, S, M, M
KY, PLEASUREVILLE 2.3 NE, -85.082, 38.376, 863, M, M, M, M, 0.05, M, M
KY, ANCHORAGE 2.8 NE, -85.505, 38.296, 758, M, M, M, M, 0.10, 1.0, 2
KY, OLD BROWNSBORO PLACE 0.3 SW, -85.614, 38.286, 615, M, M, M, M, 0.08, 0.8, 2
KY, PLEASURE RIDGE PARK 0.6 NNW, -85.857, 38.162, 459, M, M, M, M, 0.10, 0.8, 1
KY, PARK HILLS 0.6 NE, -84.525, 39.077, 541, M, M, M, M, 0.05, 0.8, M
KY, PARK LAKE 1.8 NE, -85.448, 38.362, 807, M, M, M, M, 0.07, 0.5, M
KY, LA GRANGE 3.9 SW, -85.421, 38.358, 707, M, M, M, M, 0.09, 0.9, 2
KY, LA GRANGE 2.2 NNE, -85.357, 38.429, 830, M, M, M, M, 0.08, 0.9, M
KY, GEORGETOWN 1.7 N, -84.551, 38.227, 817, M, M, M, M, 0.14, 1.2, 1
KY, GEORGETOWN 7.2 ENE, -84.431, 38.234, 947, M, M, M, M, M, M, M
KY, SHELBYVILLE 7.6 NNW, -85.304, 38.312, 786, M, M, M, M, M, M, M
KY, TAYLORSVILLE 6.1 NW, -85.423, 38.097, 722, M, M, M, M, 0.11, 1.5, 2
KY, BEDFORD 4.2 NNW, -85.355, 38.645, 876, M, M, M, M, 0.20, 1.0, M
KY, MILTON 1.7 W, -85.403, 38.724, 868, M, M, M, M, 0.06, M, M
KY, MIDWAY 0.4 NNE, -84.681, 38.155, 822, M, M, M, M, 0.18, 1.7, 2
OH, WYOMING 1.2 NW, -84.499, 39.241, 801, M, M, M, M, 0.08, 0.7, M
OH, CINCINNATI 8.9 NW, -84.579, 39.250, 829, M, M, M, M, 0.08, 0.7, M
IN, CLAY CITY 0.4 SE, -87.107, 39.273, 610, M, M, M, M, 0.06, 2.0, 4
IN, BATESVILLE 4.3 SSW, -85.254, 39.242, 932, M, M, M, M, M, M, M
IN, BATESVILLE 0.4 SSW, -85.221, 39.293, 976, M, M, M, M, M, M, M
OH, COVEDALE 1.5 SSE, -84.625, 39.105, 845, M, M, M, M, 0.09, 0.5, M
IN, WASHINGTON 3.3 SE, -87.136, 38.621, 489, M, M, M, M, 0.11, 1.2, 4
IN, LEOPOLD 1.7 ESE, -86.556, 38.092, 759, M, M, M, M, 0.07, 0.8, 0
IN, (KB9CIY)GREENSBURG 6.0 SW, -85.572, 39.291, 878, M, M, M, M, 0.10, 1.0, M
IN, (WD8NMZ)BRIGHT 3.5 NNW, -84.888, 39.247, 925, M, M, M, M, M, M, M
IN, (KB9LGS)OOLITIC 2.2 N, -86.534, 38.923, 616, M, M, M, M, 0.05, 0.9, M
KY, WALTON 2.5 NW, -84.644, 38.895, 844, M, M, M, M, 0.07, 0.5, M
IN, (KA9OOO)BRIGHT 2.4 N, -84.862, 39.237, 928, M, M, M, M, 0.07, 1.0, M
KY, MIDDLETOWN 4.9 ENE, -85.437, 38.271, 730, M, M, M, M, 0.09, 1.0, 2
IN, BIG OAKS INDIANA, -85.362, 38.925, 900, 20, 14, 17.0, M, M, M, M
IN, HARDIN RIDGE INDIANA, -86.423, 39.000, 750, 19, 12, 15.5, M, M, M, M
IN, TIPSAW LAKE INDIANA, -86.625, 38.125, 718, 20, 15, 17.5, M, M, M, M
KY, CRITTENDEN KENTUCKY, -84.602, 38.769, 935, 21, 16, 18.5, M, M, M, M
IN, LAWRENCEBURG 3.1 WNW, -84.919, 39.124, 831, M, M, M, M, 0.04, 1.5, 4
KY, LEXINGTON 4.3 W, -84.537, 38.052, 957, M, M, M, M, M, M, M
IN, ENGLISH 7.9 SSW, -86.531, 38.232, 498, M, M, M, M, 0.11, M, M
IN, NASHVILLE 6.6 WNW, -86.356, 39.228, 908, M, M, M, M, 0.10, 1.7, 4
IN, COLUMBUS 1.9 NNE, -85.899, 39.235, 643, M, M, M, M, 0.03, 0.5, 4
IN, BATESVILLE 0.5 NNE, -85.215, 39.304, 973, M, M, M, M, 0.05, 0.8, 0
KY, WESTPORT 0.7 NNE, -85.471, 38.488, 469, M, M, M, M, 0.07, 0.8, 1
KY, LOUISVILLE 11.0 ENE (SPRINGHURST), -85.567, 38.302, 674, M, M, M, M, 0.09, M, M
IN, BATESVILLE 1.3 SW, -85.235, 39.284, 968, M, M, M, M, 0.04, 0.8, 6
KY, GLENCOE 6 NW, -84.895, 38.780, 490, 28, 16, 22.0, 17, 0.07, 0.8, 2
KY, FRANKFORT 3NE, -84.834, 38.220, 765, M, M, M, M, 0.13, 1.6, 2
KY, NEW CASTLE 4NE, -85.117, 38.471, 805, M, M, M, M, 0.07, 1.0, 1
KY, ARK ENCOUNTER, -84.589, 38.618, 1003, M, M, M, M, 0.39, 4.3, 5
IN, NAPOLEON 1 SE, -85.315, 39.198, 993, M, M, M, M, M, M, M
KY, COVINGTON 1.3 SSE, -84.502, 39.066, 531, M, M, M, M, 0.06, 0.5, M
IN, SANTA CLAUS 1.4 SW, -86.945, 38.103, 510, M, M, M, M, 0.07, 0.4, M
IN, (KC9RPX)ELLETTSVILLE 0.5 W, -86.631, 39.232, 781, M, M, M, M, 0.12, 1.5, 4
IN, NORTH VERNON 7.8 W, -85.776, 38.999, 603, M, M, M, M, 0.08, 1.1, M
IN, CAMPBELLSBURG 8.4 NNE, -86.184, 38.757, 589, M, M, M, M, 0.06, 0.4, 2
IN, PATOKA LAKE, -86.703, 38.435, 561, 30, 15, 22.5, 15, 0.22, 1.0, 1
OH, CHEVIOT 3 W, -84.677, 39.151, 853, 27, 16, 21.5, 16, 0.06, 0.5, 5
IN, (W9DBA)MORGANTOWN 6.7 SSE, -86.231, 39.279, 764, M, M, M, M, 0.08, 1.0, 4
OH, CINCINNATI 6.7 E, -84.387, 39.089, 769, M, M, M, M, 0.06, 0.5, M
IN, SPRINGVILLE 6.0 W, -86.730, 38.938, 739, M, M, M, M, 0.15, 1.0, M
KY, RABBIT HASH 2 NE, -84.826, 38.963, 514, M, M, M, M, 0.05, M, M
KY, LEXINGTON 4.7 E, -84.416, 38.047, 947, M, M, M, M, M, M, M
IN, HENRYVILLE 2.6 E, -85.720, 38.538, 619, M, M, M, M, 0.02, 1.0, 1
KY, VERSAILLES 1.5 ESE, -84.704, 38.045, 931, M, M, M, M, 0.16, M, M
KY, FLORENCE 3.2 SSE, -84.629, 38.946, 906, M, M, M, M, 0.00, 0.0, 2
KY, BEDFORD 4.7 N, -85.323, 38.661, 903, M, M, M, M, 0.07, 0.5, M
KY, INDEPENDENCE 2.1 E, -84.509, 38.955, 869, M, M, M, M, S, M, M
KY, SADIEVILLE 3.8 NW, -84.585, 38.431, 949, M, M, M, M, 0.10, 1.5, 2
KY, HIGHLAND HEIGHTS 1.2 SSW, -84.466, 39.022, 822, M, M, M, M, 0.09, 0.8, M
KY, GEORGETOWN 1.0 NW, -84.564, 38.216, 855, M, M, M, M, 0.00, 0.0, M
KY, CYNTHIANA 7.7 WSW, -84.423, 38.337, 886, M, M, M, M, 0.00, M, M
KY, MIDWAY 0.2 SSW, -84.685, 38.147, 838, M, M, M, M, 0.15, M, M
KY, ANCHORAGE 2.7 NE (FOREST SPRINGS), -85.501, 38.291, 753, M, M, M, M, M, M, M
IN, MOORES HILL 5 E, -84.995, 39.100, 831, M, M, M, M, S, M, M
OH, CHEVIOT 4.0 S, -84.609, 39.100, 887, M, M, M, M, 0.15, 0.5, M
KY, INDEPENDENCE 1.3 W, -84.572, 38.958, 828, M, M, M, M, 0.07, M, M
IN, VERSAILLES 5.7 ESE, -85.168, 39.021, 927, M, M, M, M, M, T, T
IN, GREENVILLE 2.6 SSW, -86.009, 38.338, 729, M, M, M, M, 0.06, 0.7, 2
IN, ELLETTSVILLE 0.6 SSE, -86.619, 39.224, 776, M, M, M, M, 0.13, 1.5, M
IN, MITCHELL 2.1 N, -86.474, 38.766, 661, M, M, M, M, 0.12, 1.5, M
IN, COLUMBUS 3.6 SW, -85.962, 39.175, 659, M, M, M, M, T, M, M
KY, LOUISVILLE 8.3 ESE, -85.620, 38.207, 548, M, M, M, M, 0.08, 0.8, 1
IN, BATESVILLE 6.7 S, -85.213, 39.202, 931, M, M, M, M, 0.08, 0.0, M
KY, WILDER 0.2 ESE, -84.475, 39.035, 850, M, M, M, M, 0.06, 0.7, 7
IN, MADISON 2.4 N, -85.372, 38.770, 850, M, M, M, M, S, M, M
IN, JEFFERSONVILLE 1.6 ESE, -85.699, 38.291, 467, M, M, M, M, 0.10, 0.5, M
IN, BLOOMFIELD 5.3 ESE, -86.849, 38.990, 543, M, M, M, M, 0.11, M, M
KY, FRANKFORT 1.8 ENE, -84.847, 38.210, 771, M, M, M, M, 0.15, 1.5, M
IN, COLUMBUS 3.8 SW, -85.964, 39.173, 653, M, M, M, M, 0.10, 1.0, M
KY, MIDDLETOWN 1.1 WSW, -85.559, 38.240, 705, M, M, M, M, 0.08, 1.0, 1
OH, CINCINNATI 6.7 W, -84.638, 39.107, 815, M, M, M, M, T, T, 4
IN, VEVAY 0.6 NE, -85.063, 38.749, 482, M, M, M, M, 0.07, 0.6, M
IN, NASHVILLE 7.8 SE, -86.117, 39.138, 667, M, M, M, M, 0.09, 0.8, 4
IN, HOPE 5.2 NW, -85.842, 39.349, 688, M, M, M, M, 0.10, 1.0, 4
OH, NORTHGATE 2.8 W, -84.645, 39.257, 835, M, M, M, M, 0.09, 0.5, M
KY, SIMPSONVILLE 6.6 SSW, -85.406, 38.133, 692, M, M, M, M, M, M, M
KY, BELLEWOOD 1.0 SSW, -85.664, 38.247, 536, M, M, M, M, M, M, M
IN, BEDFORD 5.1 NNW, -86.529, 38.928, 678, M, M, M, M, 0.10, M, M
OH, CINCINNATI 7.4 NNW, -84.546, 39.207, 875, M, M, M, M, 0.07, 0.6, 6
IN, ORLEANS 9.2 SE, -86.327, 38.572, 728, M, M, M, M, 0.00, 0.0, 1
OH, CINCINNATI 8.4 N, -84.502, 39.225, 289, M, M, M, M, 0.06, M, M
IN, GEORGETOWN 2.7 NE, -85.935, 38.318, 818, M, M, M, M, 0.05, M, M
IN, BLOOMINGTON 7.1 E, -86.391, 39.186, 580, M, M, M, M, 0.11, 1.1, 4
IN, SPENCER 5.7 SE, -86.698, 39.225, 686, M, M, M, M, 0.08, 1.1, 3
KY, SOUTHGATE 0.6 SSE, -84.466, 39.053, 771, M, M, M, M, M, M, M
IN, VERSAILLES 5.2 SE, -85.204, 39.002, 930, M, M, M, M, M, 1.0, M
IN, CLARKSVILLE 2.3 N, -85.767, 38.350, 459, M, M, M, M, M, M, M
IN, BEDFORD 9.1 NNW, -86.555, 38.983, 712, M, M, M, M, 0.11, M, M
IN, HARTFORD CITY 4 ESE, -85.289, 40.436, 924, 23, 9, 16.0, 12, 0.04, 0.9, 4
IN, BOWLING GREEN 1 W, -87.040, 39.385, 601, M, M, M, M, 0.07, 0.7, 1
IN, BROOKVILLE, -85.014, 39.424, 630, 27, 16, 21.5, 17, 0.05, 1.0, 3
IN, MARTINSVILLE 2 SW, -86.453, 39.404, 592, 19, 4, 11.5, 11, 0.08, 1.5, 3
IN, SHELBYVILLE SEWAGE PLANT, -85.791, 39.528, 752, 21, 7, 14.0, 14, 0.06, 1.0, 2
IN, ALPINE 2 NE, -85.158, 39.574, 767, M, M, M, M, 0.05, 0.5, 3
IN, RUSHVILLE, -85.453, 39.604, 948, 21, 10, 15.5, 14, 0.03, 2.0, 3
IN, INDIANAPOLIS INTL AP, -86.282, 39.725, 792, 16, 10, 13.0, M, 0.56, 6.8, 1
IN, GREENFIELD, -85.761, 39.786, 869, 20, 5, 12.5, 14, 0.10, 0.8, 2
IN, INDIANAPOLIS EAGLE CREEK AP, -86.296, 39.825, 812, 16, 9, 12.5, M, 0.25, M, M
IN, RICHMOND WATER WORKS, -84.878, 39.854, 1005, 15, 8, 11.5, 8, 0.38, 7.0, M
IN, NEW CASTLE 3 SW, -85.395, 39.894, 991, 20, 6, 13.0, 12, 0.06, 0.9, 3
IN, JAMESTOWN 2 E, -86.598, 39.924, 962, 13, -1, 6.0, 6, 0.06, 1.5, 3
IN, WHITESTOWN, -86.354, 39.996, 941, 18, 6, 12.0, 12, 0.25, 5.0, 7
IN, ANDERSON 1 N, -85.681, 40.117, 843, 16, 10, 13.0, 10, 0.55, 5.8, 7
IN, FARMLAND 5 NNW, -85.148, 40.254, 965, 21, 6, 13.5, 15, T, T, 4
IN, MUNCIE, -85.350, 40.183, 966, M, M, M, M, 0.06, 1.0, 3
IN, TIPTON 5 SW, -86.109, 40.223, 890, 17, -2, 7.5, 11, 0.06, 1.0, 6
IN, FRANKFORT DISPOSAL, -86.507, 40.299, 824, 14, 5, 9.5, 8, M, 12.5, 13
IN, LAFAYETTE 8 S, -86.903, 40.296, 732, 10, 1, 5.5, 6, 0.12, 2.2, 4
IN, KOKOMO 3 WSW, -86.176, 40.458, 822, 14, -2, 6.0, 9, 0.09, 3.0, 6
IN, W LAFAYETTE SEW PLANT, -86.906, 40.417, 531, M, M, M, M, 0.09, 1.5, 7
IN, LAFAYETTE PURDUE UNIVERSITY AP, -86.947, 40.412, 596, 17, 7, 12.0, M, 0.26, M, M
IN, WEST LAFAYETTE 6 NW, -86.992, 40.475, 708, 8, -2, 3.0, 5, 0.03, 1.0, 5
IN, MARION 2 N, -85.659, 40.580, 790, M, M, M, M, 0.06, 1.0, 6
IN, YOUNG AMERICA, -86.342, 40.562, 775, M, M, M, M, 0.09, 1.6, 9
IN, BERNE WWTP, -84.930, 40.668, 839, 23, 8, 15.5, 12, T, T, 5
IN, WABASH, -85.826, 40.792, 665, 16, 9, 12.5, 9, 0.75, 7.5, 8
IN, PERU, -86.074, 40.765, 660, M, M, M, M, 0.06, 1.2, 7
IN, LOGANSPORT CICOTT ST., -86.388, 40.748, 600, 15, 1, 8.0, 11, 0.10, 1.0, 7
IN, DECATUR 1 N, -84.930, 40.848, 785, 22, 11, 16.5, 11, 0.04, 1.0, 7
IN, HUNTINGTON, -85.499, 40.856, 731, 21, 6, 13.5, 9, 0.09, 1.0, 5
IN, RENSSELAER WWTP, -87.175, 40.924, 658, 9, -2, 3.5, 4, 0.10, 1.5, 9
IN, NORTH MANCHESTER WWTP, -85.775, 40.994, 760, 14, 8, 11.0, 9, 0.50, 7.0, 12
IN, WINAMAC 2SSE, -86.587, 41.027, 690, 14, 2, 8.0, 11, 0.90, 11.0, 8
IN, ROCHESTER, -86.210, 41.067, 760, 17, 2, 9.5, 10, 0.05, 1.0, 7
IL, DANVILLE 0.6 NW, -87.627, 40.150, 663, M, M, M, M, 0.14, 2.0, 5
IL, BEECHER 3.4 SSE, -87.582, 41.305, 722, M, M, M, M, T, M, M
IL, CRETE 2.6 E, -87.566, 41.447, 698, M, M, M, M, 0.07, 1.0, 15
IL, MANHATTAN 0.8 ESE, -87.975, 41.421, 699, M, M, M, M, 0.06, 2.5, 14
IL, MOKENA 1.3 W, -87.901, 41.531, 715, M, M, M, M, 0.05, 1.1, 16
IL, NEW LENOX 1.8 SE, -87.960, 41.500, 701, M, M, M, M, 0.04, 1.0, 18
IL, CRETE 2.6 SSW, -87.630, 41.417, 756, M, M, M, M, M, M, M
IN, DE MOTTE 5.9 S, -87.200, 41.115, 679, M, M, M, M, 0.05, 1.0, M
IN, DE MOTTE 0.8 NNW, -87.205, 41.210, 650, M, M, M, M, T, 0.8, M
IN, DE MOTTE 1.2 SSW, -87.210, 41.184, 666, M, M, M, M, 0.12, 1.2, M
IN, DE MOTTE 4.1 SW, -87.264, 41.167, 680, M, M, M, M, 0.07, 1.0, M
IN, DYER 1.0 WNW, -87.525, 41.507, 630, M, M, M, M, 0.04, 0.9, 11
IN, CROWN POINT 1.1 N, -87.354, 41.439, 712, M, M, M, M, 0.09, 1.7, 12
IN, ST. JOHN 0.2 WSW, -87.480, 41.446, 700, M, M, M, M, 0.03, 1.5, M
IN, HOBART 1.6 E, -87.236, 41.535, 624, M, M, M, M, 0.24, 4.0, M
IN, MOUNT AYR 1.6 NNE, -87.290, 40.973, 676, M, M, M, M, 0.02, 0.6, M
IN, KENTLAND 0.3 ENE, -87.441, 40.774, 689, M, M, M, M, M, M, M
IN, BROOK 4.2 W, -87.445, 40.867, 666, M, M, M, M, 0.29, M, M
IN, LAKES OF THE FOUR SEASONS 0.5 ESE, -87.213, 41.406, 757, M, M, M, M, 0.13, 2.0, M
IN, HEBRON 1.2 NW, -87.215, 41.332, 699, M, M, M, M, 0.18A, M, M
IN, UNIVERSAL 4.2 SW, -87.508, 39.579, 617, M, M, M, M, 0.00, 0.0, M
IL, MANHATTAN 5ENE, -87.910, 41.459, 748, M, M, M, M, 0.07, 1.0, 14
IL, PARK RIDGE 0.5 SSW, -87.846, 42.004, 638, M, M, M, M, 0.10, 1.3, 18
IL, CHRISMAN 3.6 ESE, -87.614, 39.779, 627, M, M, M, M, M, M, M
IL, HOOPESTON 0.8 W, -87.685, 40.466, 709, M, M, M, M, M, M, M
IN, COLUMBIA CITY, -85.490, 41.145, 834, 19, 10, 14.5, 10, 0.05, 0.5, 8
IN, WARSAW, -85.868, 41.263, 815, M, M, M, M, M, M, M
IN, KNOX WWTP, -86.628, 41.305, 690, 14, 7, 10.5, 11, 0.14, 1.0, 10
IN, GARRETT, -85.129, 41.342, 880, 24, 10, 17.0, 10, 0.08, 1.0, 5
IN, WANATAH 2 WNW, -86.929, 41.444, 735, 10, 1, 5.5, 9, 0.03, 1.0, 10
IN, VALPARAISO PORTER COUNTY MUNICIPAL AP, -86.998, 41.454, 768, 14, 6, 10.0, M, M, M, M
IN, GOSHEN MUNICIPAL AP, -85.787, 41.527, 824, 13, 9, 11.0, M, 0.05, M, M
IN, LAKEVILLE, -86.269, 41.527, 841, 17, 8, 12.5, 8, 0.02, 0.6, 9
IN, GOSHEN 3SW, -85.882, 41.558, 875, 13, 7, 10.0, 7, 0.15, 1.9, 9
IN, ANGOLA, -85.018, 41.664, 1020, 18, 6, 12.0, 6, 0.05, 0.7, 9
IN, LAPORTE, -86.730, 41.612, 809, 13, 8, 10.5, 9, 0.65, 4.3, 10
IN, ELKHART PUBLIC WORKS & UT, -86.002, 41.678, 750, M, M, M, M, 0.34, 8.5, 10
IN, SOUTH BEND AP, -86.316, 41.707, 772, 14, 9, 11.5, M, 0.39, 6.5, 10
IN, CRAWFORDSVILLE 6 SE, -86.801, 40.003, 836, 9, -2, 3.5, 4, 0.08, 1.5, 4
IN, PLYMOUTH, -86.336, 41.339, 815, 17, 3, 10.0, 10, 0.08, 1.6, 10
IN, WARSAW 5SW, -85.919, 41.172, 850, M, M, M, M, 0.07, 1.0, 7
IN, GARRETT 1 S, -85.120, 41.337, 870, 17, 8, 12.5, 10, 0.04, 1.6, 8
IN, INDIANA DUNES NATIONAL PARK, -87.088, 41.632, 683, M, M, M, M, M, M, M
IN, CHALMERS 5 W, -86.955, 40.665, 720, 15, -6, 4.5, 5, 0.07, 0.5, 8
IN, SOUTH BEND WWTP, -86.269, 41.720, 670, M, M, M, M, 0.03, M, M
IN, FRANCESVILLE, -86.881, 40.989, 676, 11, -6, 2.5, 6, 0.07, 1.5, 8
IN, NEW CARLISLE, -86.503, 41.706, 760, M, M, M, M, 0.11, 2.0, 14
IN, MORRISTOWN 2 SE, -85.678, 39.648, 885, M, M, M, M, 0.04, 0.3, 3
IN, CASTLETON 2 S, -86.051, 39.880, 824, 15, 9, 12.0, 9, 0.62, 7.9, 8
IN, FRANKLIN WWTP, -86.041, 39.468, 720, 19, 5, 12.0, 12, 0.10, 1.0, 1
IN, REELSVILLE 4 SW, -87.003, 39.502, 628, M, M, M, M, 0.00, M, M
MI, NILES, -86.266, 41.841, 650, 17, 9, 13.0, 14, 0.06, 1.0, 8
MI, HILLSDALE, -84.641, 41.935, 1080, 13, 7, 10.0, 8, 0.45, M, M
MI, THREE RIVERS, -85.638, 41.930, 810, 18, 7, 12.5, 8, 0.07, 0.7, 7
MI, COLDWATER ST SCHOOL, -84.992, 41.962, 984, 20, 8, 14.0, 8, 0.37, 6.0, 12
MI, BENTON HARBOR AIRPORT, -86.427, 42.125, 625, 42, 24, 33.0, 32, 0.15, 0.2, 1
OH, MIDDLETOWN, -84.407, 39.516, 646, M, M, M, M, 0.05, M, M
OH, OXFORD, -84.718, 39.507, 783, M, M, M, M, 0.05, M, M
OH, GERMANTOWN DAM, -84.401, 39.636, 738, M, M, M, M, 0.07, M, M
OH, EATON, -84.635, 39.733, 1002, 23, 13, 18.0, 14, 0.05, M, M
OH, WEST MANCHESTER 3 WSW, -84.656, 39.873, 1109, M, M, M, M, 0.06, M, M
OH, GREENVILLE WATER PLANT, -84.650, 40.103, 1030, 21, 15, 18.0, 15, 0.04, T, 6
OH, VERSAILLES, -84.495, 40.221, 966, M, M, M, M, 0.01, M, M
OH, FORT RECOVERY, -84.786, 40.410, 935, M, M, M, M, 0.06, M, M
OH, ST. MARYS 3 W, -84.437, 40.545, 874, M, M, M, M, 0.04, M, M
OH, CELINA 3 NE, -84.537, 40.569, 866, 17, 11, 14.0, 11, 0.11, 3.3, 8
OH, VAN WERT 1 S, -84.581, 40.849, 790, 21, 12, 16.5, 12, 0.09, 2.0, 7
OH, PAULDING, -84.592, 41.125, 725, 24, 12, 18.0, 12, 0.74, 2.3, 6
OH, DEFIANCE, -84.385, 41.278, 700, 25, 11, 18.0, 11, 0.06, 1.5, 4
OH, HICKSVILLE, -84.760, 41.287, 750, 23, 10, 16.5, 11, 0.08, 0.5, 5
OH, BRYAN 2 SE, -84.527, 41.462, 730, 23, 11, 17.0, 11, 0.06, M, M
IN, LEBANON 6 W, -86.574, 40.051, 925, M, M, M, M, 0.10, 1.2, 4
IN, FLORA, -86.522, 40.554, 685, M, M, M, M, 0.05, 1.0, 8
IN, CARMEL 3 E, -86.058, 39.962, 752, 23, 1, 12.0, 11, 0.08, 1.2, 1
IN, SHELBYVILLE MUNICIPAL AP, -85.800, 39.585, 802, 20, 13, 16.5, M, 0.16, M, M
OH, DEFIANCE AP, -84.428, 41.336, 706, 17, 13, 15.0, M, 0.15, M, M
IN, PORTLAND 1 SW, -84.992, 40.417, 910, 14, 8, 11.0, 8, 0.05, 11.0, M
IN, DANVILLE 3 SW, -86.536, 39.734, 956, M, M, M, M, 0.10, 1.3, 5
IN, FRANKLIN 1 W, -86.073, 39.489, 745, M, M, M, M, 0.08, 1.3, 3
IN, BUTLER 1 SE, -84.854, 41.408, 850, M, M, M, M, T, 0.0, 0
IN, INDIANAPOLIS WFO, -86.281, 39.707, 790, 15, 9, 12.0, 10, M, 6.8, 7
MI, DOWAGIAC 1 W, -86.132, 41.986, 740, 15, 7, 11.0, 10, 0.05, 1.0, 4
IN, FORT WAYNE INTL AP, -85.206, 40.972, 797, 16, 11, 13.5, M, 0.80, 10.1, 6
IN, MUNCIE DELAWARE COUNTY AP, -85.394, 40.235, 936, 18, 13, 15.5, M, 0.12, M, M
IN, HUNTERTOWN 2.6 ESE, -85.124, 41.214, 846, M, M, M, M, 0.07, 1.0, 6
IN, FORT WAYNE 9.1 SE, -85.003, 40.992, 814, M, M, M, M, 0.08, 1.5, M
IN, WOODBURN 2.8 WSW, -84.906, 41.117, 745, M, M, M, M, 0.06, 1.4, M
IN, FORT WAYNE 7.1 WSW, -85.271, 41.047, 836, M, M, M, M, 0.05, 0.6, 8
IN, HARTFORD CITY 4.8 NW, -85.427, 40.507, 886, M, M, M, M, 0.10, 1.5, M
IN, NEW ROSS 2.0 E, -86.676, 39.961, 951, M, M, M, M, M, M, M
IN, LEBANON 4.5 NNE, -86.455, 40.115, 932, M, M, M, M, 0.06, 1.0, 5
IN, THORNTOWN 3.4 SW, -86.650, 40.091, 879, M, M, M, M, 0.02, 0.6, M
IN, ZIONSVILLE 3.8 N, -86.269, 40.004, 909, M, M, M, M, M, M, M
IN, EATON 4.0 SW, -85.416, 40.306, 889, M, M, M, M, 0.06, M, M
IN, MIDDLEBURY 2.6 WSW, -85.760, 41.662, 912, M, M, M, M, 0.07, 0.6, M
IN, WAKARUSA 2.4 NNE, -85.993, 41.566, 840, M, M, M, M, 0.03, 0.5, 5
IN, POSEYVILLE 2.9 SSE, -87.754, 38.136, 409, M, M, M, M, 0.00, 0.0, M
IN, EVANSVILLE 10.0 NW, -87.687, 38.074, 515, M, M, M, M, 0.11, 1.0, M
IL, MOUNT CARMEL 4.2 NW, -87.833, 38.452, 492, M, M, M, M, 0.09, 0.4, M
IN, NEW HARMONY 1.5 E, -87.905, 38.125, 398, M, M, M, M, M, M, M
IN, HYMERA 0.4 W, -87.306, 39.187, 536, M, M, M, M, 0.10, 0.8, M
IN, TERRE HAUTE 7.0 S, -87.364, 39.371, 557, M, M, M, M, M, M, M
IN, SULLIVAN 0.5 SW, -87.416, 39.092, 490, M, M, M, M, M, M, M
IN, EVANSVILLE 6.7 NW, -87.623, 38.058, 493, M, M, M, M, 0.10, 1.1, M
IN, EVANSVILLE 5.4 NNE, -87.498, 38.054, 406, M, M, M, M, 0.06, 0.0, M
IN, EVANSVILLE 2.5 NE, -87.509, 38.008, -, M, M, M, M, M, M, M
IL, CHICAGO OHARE INTL AP, -87.932, 41.960, 672, 12, 0, 6.0, M, 0.19, 6.1, 16
IL, DANVILLE, -87.648, 40.139, 555, 12, -4, 4.0, 11, 0.35, 3.0, 5
IL, HOOPESTON, -87.685, 40.466, 710, 12, -1, 5.5, M, S, M, M
IL, PARIS STP, -87.667, 39.619, 649, 11, -2, 4.5, 3, 0.17, 1.7, 2
IL, SIDELL 4N, -87.823, 39.968, 672, 7, -3, 2.0, 2, 0.10, 2.0, 3
IL, DANVILLE SEWAGE PLANT, -87.596, 40.102, 536, M, M, M, M, 0.10, 1.0, 1
IL, KANKAKEE WWTP, -87.886, 41.135, 600, 7, -9, -1.0, 7, M, M, M
IL, PEOTONE, -87.789, 41.334, 718, M, M, M, M, 0.02, 0.6, 15
IL, PARK FOREST WATER, -87.680, 41.495, 710, 8, -5, 1.5, 1, 0.02, 1.0, 17
IL, CHICAGO PALWAUKEE AP, -87.905, 42.121, 629, 11, 0, 5.5, M, M, M, M
IL, BOURBONNAIS 3NW, -87.935, 41.176, 658, M, M, M, M, 0.11, 1.0, 11
IL, LITTLE RED SCHOOL HOUSE, -87.877, 41.709, 719, 8, -7, 0.5, 3, 0.80, 1.0, 16
IN, ELKHART 4.8 SW, -86.041, 41.642, 742, M, M, M, M, 0.04, 1.0, 9
IN, GOSHEN 3.0 WSW, -85.883, 41.558, 886, M, M, M, M, 0.05, 0.7, 8
IN, ROCHESTER 2.4 NW, -86.229, 41.085, 764, M, M, M, M, S, M, M
IN, (K9NQW)MARION 1.8 NW, -85.692, 40.566, 856, M, M, M, M, 0.07, 1.0, M
IN, MARION 5.6 NE, -85.589, 40.604, 876, M, M, M, M, 0.02, 0.3, M
IN, UPLAND 2.4 SSE, -85.497, 40.430, 916, M, M, M, M, 0.07, 1.0, 4
IN, CARMEL 1.5 W, -86.137, 39.969, 843, M, M, M, M, 0.20, 2.0, M
IN, LAPEL 4.7 NW, -85.901, 40.123, 807, M, M, M, M, 0.10, 1.0, 2
IN, SHERIDAN 3.9 S, -86.232, 40.079, 945, M, M, M, M, 0.04, M, M
IN, GREENFIELD 2.4 W, -85.816, 39.791, 873, M, M, M, M, M, M, M
IN, NEW PALESTINE 1.4 S, -85.895, 39.701, 807, M, M, M, M, 0.12, 1.2, 2
IN, MCCORDSVILLE 2.6 NE, -85.900, 39.937, 850, M, M, M, M, 0.06, 1.1, 2
IN, BROWNSBURG 4.6 S, -86.402, 39.775, 850, M, M, M, M, 0.08, 1.8, 3
IN, PLAINFIELD 0.5 SE, -86.382, 39.695, 748, M, M, M, M, 0.04, M, M
IN, PLAINFIELD 1.1 W, -86.408, 39.701, 725, M, M, M, M, 0.07, 0.8, 2
IN, AVON 1.6 NNW, -86.394, 39.785, 841, M, M, M, M, 0.08, 1.7, 3
IN, HUNTINGTON 1.2 ENE, -85.483, 40.885, 791, M, M, M, M, 0.08, 1.1, 6
IN, KOKOMO 4.6 ESE, -86.051, 40.453, 846, M, M, M, M, 0.08, 1.0, M
IN, LEWISVILLE 1.8 ENE, -85.324, 39.821, 1099, M, M, M, M, 0.03, 1.0, 2
IN, GREENWOOD 4.8 WSW, -86.195, 39.586, 694, M, M, M, M, 0.05, M, M
IN, WHEATFIELD 2.8 S, -87.036, 41.152, 676, M, M, M, M, 0.05, 0.9, M
IN, RENSSELAER 1.9 SSW, -87.159, 40.908, 686, M, M, M, M, 0.09, 1.2, M
IN, RENSSELAER 6.2 SE, -87.080, 40.863, 673, M, M, M, M, 0.11, 1.5, 8
IN, REMINGTON 0.3 N, -87.152, 40.767, 734, M, M, M, M, 0.01, 1.5, M
IN, RENSSELAER 4.3 N, -87.162, 40.998, 688, M, M, M, M, M, M, M
IN, SYRACUSE 3.0 ESE, -85.695, 41.407, 856, M, M, M, M, 0.07, 0.9, 4
IN, LEESBURG 0.1 WNW, -85.851, 41.330, 853, M, M, M, M, 0.07, 1.0, 8
IN, LEESBURG 6.7 ESE, -85.723, 41.310, 862, M, M, M, M, 0.06, 1.0, 8
IN, ORLAND 6.6 SSW, -85.202, 41.639, 991, M, M, M, M, 0.05, M, M
IN, LAGRANGE 1.3 ENE, -85.396, 41.653, 945, M, M, M, M, S, M, M
IN, LAGRANGE 9.9 E, -85.231, 41.649, 949, M, M, M, M, 0.10, M, M
IN, WANATAH 4.4 ESE, -86.810, 41.409, 712, M, M, M, M, 0.10, 2.0, 10
IN, LA PORTE 1.6 SW, -86.734, 41.590, 833, M, M, M, M, 0.15, 2.6, 18
IN, LA PORTE 1.3 ENE, -86.691, 41.611, 792, M, M, M, M, 0.14, M, M
IN, LA PORTE 2.3 ESE, -86.676, 41.592, 778, M, M, M, M, 0.12, M, M
IN, BROOKLYN 0.5 ENE, -86.363, 39.545, 686, M, M, M, M, 0.06, 1.0, 2
IN, PLYMOUTH 2.5 WSW, -86.357, 41.330, 814, M, M, M, M, 0.07, 1.0, M
IN, DENVER 1.3 NE, -86.056, 40.875, 765, M, M, M, M, 0.07, 1.3, 6
IN, LAWRENCE 2.0 ENE, -85.953, 39.880, 850, M, M, M, M, 0.06, M, M
IN, SPEEDWAY 6.2 SSW, -86.281, 39.707, 798, M, M, M, M, 0.05, 1.0, 1
IN, INDIANAPOLIS 3.2 S, -86.156, 39.731, 709, M, M, M, M, 0.05, 0.9, 1
IN, INDIANAPOLIS 6.7 N, -86.137, 39.873, 713, M, M, M, M, 0.10, 0.9, M
IN, INDIANAPOLIS 9.2 NNE, -86.128, 39.899, 750, M, M, M, M, 0.09, 1.0, 2
IN, INDIANAPOLIS 6.5 SW, -86.242, 39.717, 709, M, M, M, M, 0.07, 0.8, M
IN, ALBION 3.7 S, -85.416, 41.342, 936, M, M, M, M, 0.11, 1.2, 8
IN, VALPARAISO 2.0 WSW, -87.087, 41.467, 722, M, M, M, M, 0.08, 5.0, 18
IN, VALPARAISO 4.3 SW, -87.112, 41.435, 774, M, M, M, M, 0.21, 1.6, M
IN, HEBRON 3.7 NE, -87.162, 41.367, 732, M, M, M, M, 0.05, 1.0, M
IN, VALPARAISO 1.8 NW, -87.073, 41.498, 837, M, M, M, M, 0.32, 8.1, 20
IN, PORTER 0.6 S, -87.082, 41.619, 636, M, M, M, M, 0.22, 4.9, 17
IL, BRIDGEVIEW 1.3 NNW, -87.817, 41.755, 617, M, M, M, M, 0.09, 1.0, 15
IL, CHICAGO 5.5 ESE, -87.590, 41.801, 600, M, M, M, M, 0.08, M, M
IL, MOUNT PROSPECT 3.0 NE, -87.897, 42.096, 653, M, M, M, M, 0.05, 2.0, 12
IL, PALOS PARK 1.3 SW, -87.863, 41.653, 702, M, M, M, M, 0.09, 1.0, 16
IL, OAK PARK 1.0 SW, -87.801, 41.876, 633, M, M, M, M, 0.09, 0.8, 16
IL, ELK GROVE VILLAGE 0.6 ESE, -87.981, 42.004, 699, M, M, M, M, 0.07, 1.5, 13
IL, HOMEWOOD 0.1 ESE, -87.659, 41.558, 643, M, M, M, M, 0.08, 1.1, M
IL, PARK FOREST 0.8 NNE, -87.681, 41.493, 722, M, M, M, M, M, M, M
IL, OAK PARK 1.3 NNE, -87.782, 41.906, 633, M, M, M, M, 0.09, 1.0, M
IL, COUNTRYSIDE 0.8 ENE, -87.862, 41.782, 653, M, M, M, M, 0.12, 0.5, M
IL, LINCOLNWOOD 1.8 E, -87.698, 42.002, 604, M, M, M, M, 0.15, 1.5, 13
IL, LA GRANGE PARK 0.7 SSW, -87.876, 41.823, 659, M, M, M, M, 0.09, 1.5, 14
IL, OAK LAWN 1.1 N, -87.756, 41.730, 627, M, M, M, M, M, M, M
IL, OAK PARK 1.5 S, -87.793, 41.866, 621, M, M, M, M, 0.09, 1.0, 16
IL, OAK LAWN 0.5 SSW, -87.754, 41.708, 597, M, M, M, M, 0.08, 1.5, 16
IL, CHICAGO RIDGE 0.2 WSW, -87.782, 41.702, 596, M, M, M, M, 0.09, 1.0, M
IL, PALOS PARK 3.6 WNW, -87.911, 41.677, 714, M, M, M, M, M, M, M
IL, MARSHALL 4.6 W, -87.774, 39.384, 623, M, M, M, M, M, 2.5, M
IL, HOMER 2.0 N, -87.964, 40.061, 659, M, M, M, M, 0.21, 2.4, 4
IL, BROADLANDS 0.1 SSW, -87.996, 39.907, 682, M, M, M, M, S, 1.4, M
IL, HOMER 2.1 NNE, -87.951, 40.061, 661, M, M, M, M, 0.14, M, M
IL, ELMHURST 0.4 SW, -87.948, 41.893, 709, M, M, M, M, 0.10, M, M
IL, BURR RIDGE 1.9 SW, -87.949, 41.732, 724, M, M, M, M, 0.08, 1.2, 16
IL, VILLA PARK 1.0 NW, -87.990, 41.897, 722, M, M, M, M, 0.09, M, M
IL, MANTENO 2.2 SSE, -87.818, 41.223, 675, M, M, M, M, 0.00, 0.0, M
IL, RIVERWOODS 0.4 ENE, -87.888, 42.173, 692, M, M, M, M, 0.10, 1.2, 14
IL, HENNING 3.4 SSE, -87.666, 40.265, 682, M, M, M, M, 0.05, 1.2, 2
IL, DANVILLE 3.4 NNW, -87.640, 40.191, 659, M, M, M, M, M, M, M
IN, BLUFFTON 0.9 SE, -85.161, 40.730, 828, M, M, M, M, 0.19, 2.0, 8
IN, COLUMBIA CITY 6.9 N, -85.506, 41.258, 925, M, M, M, M, M, 0.8, M
IN, COLUMBIA CITY 5.4 N, -85.488, 41.236, 932, M, M, M, M, 0.10, M, M
MI, STEVENSVILLE 1.7 SSE, -86.509, 41.991, 616, M, M, M, M, 0.14, 2.9, 14
MI, BUCHANAN 1.4 ESE, -86.342, 41.818, 759, M, M, M, M, 0.09, 0.6, 12
MI, NILES 2.7 W, -86.300, 41.837, 719, M, M, M, M, 0.09, 1.0, 12
MI, LITCHFIELD 0.3 ENE, -84.753, 42.045, 1040, M, M, M, M, 0.09, 1.0, 7
MI, JONESVILLE 5.9 ENE, -84.562, 42.015, 1197, M, M, M, M, M, M, M
MI, HANOVER 4.1 E, -84.473, 42.093, 1043, M, M, M, M, 0.04, 0.9, 8
MI, HANOVER 3.8 W, -84.626, 42.107, 1076, M, M, M, M, 0.10, 1.1, 8
OH, BRADFORD 2.3 NW, -84.461, 40.153, 997, M, M, M, M, 0.03, 0.4, 3
OH, FARMERSVILLE 1.7 E, -84.395, 39.681, 826, M, M, M, M, 0.06, 0.5, 1
OH, EATON 1.0 N, -84.634, 39.765, 1056, M, M, M, M, 0.01, 0.2, 4
OH, ALVORDTON 0.5 E, -84.424, 41.665, 830, M, M, M, M, 0.07, M, M
IN, YORKTOWN 1.1 NNW, -85.490, 40.187, 928, M, M, M, M, 0.05, 1.0, M
IN, FISHERS 1.1 N, -86.028, 39.970, 799, M, M, M, M, 0.04, 1.0, M
IN, GREENFIELD 1.5 S, -85.774, 39.771, 893, M, M, M, M, 0.04, M, M
IN, RENSSELAER 1.9 N, -87.153, 40.962, 689, M, M, M, M, M, M, M
IN, MOORESVILLE 3.8 NE, -86.346, 39.621, 748, M, M, M, M, 0.03, 1.1, 2
IN, INDIANAPOLIS 12.6 NW, -86.312, 39.908, 892, M, M, M, M, 0.11, 1.3, 3
IN, INDIANAPOLIS 10.9 NW, -86.281, 39.894, 866, M, M, M, M, 0.10, 2.5, M
WI, MILWAUKEE 3.6 NNW, -87.987, 43.113, 676, M, M, M, M, 0.00, 0.0, 28
WI, RACINE 2.3 WSW, -87.846, 42.711, 717, M, M, M, M, T, T, 20
IL, HIGHWOOD 0.9 S, -87.814, 42.198, 689, M, M, M, M, M, 1.5, 22
WI, GREENDALE 1.0 ENE, -87.982, 42.941, 802, M, M, M, M, M, M, M
WI, CEDAR GROVE 0.4 NNE, -87.820, 43.572, 691, M, M, M, M, M, M, M
WI, ELKHART LAKE 6.8 NE, -87.913, 43.899, 901, M, M, M, M, 0.00, 0.0, M
WI, RANDOM LAKE 0.5 SSE, -87.951, 43.548, 892, M, M, M, M, 0.00, 0.0, 15
WI, SHEBOYGAN 3.2 NW, -87.766, 43.785, 680, M, M, M, M, 0.00, 0.0, 12
WI, PLEASANT PRAIRIE 3.8 NW, -87.938, 42.560, 699, M, M, M, M, T, T, M
WI, PORT WASHINGTON 4.2 NE, -87.825, 43.439, 693, M, M, M, M, 0.00, 0.0, M
IL, LIBERTYVILLE 1.8 ESE, -87.933, 42.274, 668, M, M, M, M, 0.04, M, M
WI, PORT WASHINGTON 0.5 S, -87.879, 43.386, 659, M, M, M, M, 0.00, 0.0, 16
WI, BROWN DEER 0.8 NW, -87.984, 43.184, 679, M, M, M, M, 0.00, 0.0, 17
WI, WAUWATOSA 1.9 E, -87.996, 43.059, 715, M, M, M, M, 0.00, 0.0, M
WI, PLYMOUTH 5.4 NE, -87.911, 43.812, 849, M, M, M, M, M, M, M
WI, RACINE 2.4 S, -87.812, 42.694, 635, M, M, M, M, T, M, M
WI, SHEBOYGAN 0.7 SSW, -87.735, 43.736, 695, M, M, M, M, 0.00, 0.0, 13
WI, ELMWOOD PARK 1.8 SW, -87.849, 42.675, 692, M, M, M, M, 0.10A, M, M
WI, SHEBOYGAN 1.7 NNE, -87.712, 43.766, 630, M, M, M, M, 0.00, 0.0, 11
WI, PLEASANT PRAIRIE 3.3 NW, -87.925, 42.559, 713, M, M, M, M, M, M, M
WI, RACINE 1.4 NNW, -87.817, 42.747, 656, M, M, M, M, T, T, M
WI, SHEBOYGAN FALLS 0.9 ENE, -87.806, 43.733, 708, M, M, M, M, 0.00, 0.0, M
WI, SAUKVILLE 0.9 SSW, -87.950, 43.373, 767, M, M, M, M, 0.00, 0.0, 14
WI, SHEBOYGAN 0.6 NNE, -87.724, 43.753, 585, M, M, M, M, 0.00, 0.0, 9
WI, KENOSHA 3.8 WSW, -87.926, 42.569, 732, M, M, M, M, 0.06A, M, 14
IL, LIBERTYVILLE 0.8 ENE, -87.953, 42.289, 698, M, M, M, M, 0.11, M, M
WI, RACINE 5.9 N, -87.815, 42.813, 652, M, M, M, M, 0.00, 0.0, M
WI, RACINE 2.6 NNE, -87.781, 42.761, 613, M, M, M, M, T, M, M
WI, KENOSHA 1.4 SE, -87.838, 42.568, 645, M, M, M, M, 0.35A, M, 17
WI, RACINE 2.1 NNE, -87.787, 42.754, 639, M, M, M, M, 0.00, 0.0, 15
IN, GREENCASTLE 3.6 ESE, -86.779, 39.622, 789, M, M, M, M, S, M, M
IN, ANGOLA 1.2 S, -85.002, 41.625, 1038, M, M, M, M, 0.09, M, M
IN, WEST LAFAYETTE 4.9 W, -87.005, 40.448, 641, M, M, M, M, 0.00, 0.0, M
OH, RUSSIA 1.3 NNE, -84.405, 40.250, 1004, M, M, M, M, T, M, M
OH, FORT LORAMIE 3.2 SW, -84.415, 40.315, 982, M, M, M, M, 0.05, M, M
IN, GOSHEN 1.4 SSE, -85.829, 41.559, 807, M, M, M, M, 0.08, M, M
OH, FORT LORAMIE 2.1 WNW, -84.408, 40.356, 951, M, M, M, M, 0.04, M, M
IN, HARTFORD CITY 0.2 NNW (WB9HLA), -85.374, 40.456, 921, M, M, M, M, M, M, M
IN, (KA9VIS) HARTFORD CITY 0.7 N, -85.373, 40.462, 927, M, M, M, M, 0.05, 1.0, M
IN, (KC9DCR)HARTFORD CITY 0.3 SSW, -85.374, 40.449, 907, M, M, M, M, M, 0.5, M
IN, WHITESTOWN 6.5 NE, -86.276, 40.073, 929, M, M, M, M, M, M, M
IN, (WA9TTB)GALVESTON 1.0 ESE, -86.174, 40.570, 788, M, M, M, M, 0.10, 1.0, M
IN, (K9CJC) SPRINGPORT 3.5 NE, -85.349, 40.085, 1036, M, M, M, M, 0.01, 1.0, M
IN, (KB7ZGB) MUNCIE 0.5 S, -85.391, 40.190, 947, M, M, M, M, M, M, M
IN, MUNCIE 1.2 SE, -85.372, 40.188, 962, M, M, M, M, M, 1.0, M
IN, CLAYTON 0.4 WNW, -86.530, 39.692, 892, M, M, M, M, 0.07, 1.0, M
IN, (K9VEZ)INDIAN HEIGHTS 3.6 W, -86.184, 40.433, 839, M, M, M, M, 0.15, 1.5, M
IN, (KC9DHF)KOKOMO 4.4 E, -86.051, 40.467, 836, M, M, M, M, 0.10, 1.0, M
IN, (KC9IYD)KOKOMO 4.0 WNW, -86.207, 40.490, 814, M, M, M, M, 0.16, 1.6, M
IN, (KC9LQY) PORTLAND 5.4 SW, -85.064, 40.388, 942, M, M, M, M, M, 1.0, M
IN, MARTINSVILLE 2.3 SE, -86.396, 39.396, 639, M, M, M, M, 0.10, 1.1, 3
IN, (N9JPX)PARAGON 3.2 ENE, -86.504, 39.406, 593, M, M, M, M, 0.07, 1.0, 3
IN, (K9UZZ) SARATOGA 3.4 WNW, -84.975, 40.258, 1023, M, M, M, M, M, 1.5, M
IN, (KC9FXU) WINCHESTER 2.2 WSW, -85.016, 40.162, 1105, M, M, M, M, 0.02, 0.8, M
IN, (KB9RBB)FAIRLAND 0.9 SSW, -85.866, 39.587, 775, M, M, M, M, 0.11, 2.0, 2
IN, (KB9GPW)NORTH JUDSON 3.9 SW, -86.833, 41.180, 710, M, M, M, M, M, M, M
IN, (K9WKK)TIPTON 1.3 NW, -86.057, 40.297, 876, M, M, M, M, 0.05, 0.5, M
MI, BUCHANAN 1.3 WNW, -86.389, 41.836, 749, M, M, M, M, 0.09, 12.0, 13
IN, FORT WAYNE 2.6 NE, -85.108, 41.103, 802, M, M, M, M, 0.08, 0.8, 8
IN, FRANKFORT 4.9 NNE, -86.487, 40.350, 894, M, M, M, M, 0.07, 1.5, 6
IN, (N9MRC)WILKINSON 4.1 W, -85.685, 39.879, 938, M, M, M, M, M, 0.8, M
IN, HANNA 1.1 E, -86.760, 41.412, 687, M, M, M, M, 0.05, 0.7, M
IN, BAILLY INDIANA, -87.088, 41.632, 647, 15, 9, 12.0, M, M, M, M
MI, BENTON HARBOR, -86.415, 42.129, 641, 16, 9, 12.5, M, 0.16, M, M
IN, BLUFFTON MAIN ST. BRIDGE, -85.171, 40.742, 820, M, M, M, M, M, M, M
OH, EATON 1.1 WSW, -84.654, 39.744, 1067, M, M, M, M, S, M, M
IN, ANDERSON 2.0 S, -85.692, 40.064, 889, M, M, M, M, 0.08, 0.9, 5
IN, INDIANAPOLIS 3.4 WSW, -86.204, 39.756, 701, M, M, M, M, 0.06, M, M
OH, VERSAILLES 1.6 WSW, -84.514, 40.218, 1000, M, M, M, M, 0.04, 0.5, M
OH, ROSSBURG 3.0 WSW, -84.693, 40.270, 1042, M, M, M, M, 0.03, M, M
OH, PITSBURG 1.4 ENE, -84.463, 39.994, 1017, M, M, M, M, 0.01, T, 2
OH, ARCANUM 3.2 SSW, -84.580, 39.949, 1069, M, M, M, M, 0.03, M, M
IN, ZIONSVILLE 4.3 NNW, -86.290, 40.014, 879, M, M, M, M, 0.11, 1.1, 4
OH, GREENVILLE 4.5 N, -84.637, 40.167, 1031, M, M, M, M, 0.03A, M, M
IN, FORT WAYNE 5.5 N, -85.133, 41.154, 807, M, M, M, M, 0.08, 1.0, 7
IN, FISHERS 3.1 NE, -85.986, 39.988, 830, M, M, M, M, 0.11, 1.6, M
IN, GRANGER 1.8 ENE, -86.107, 41.746, 800, M, M, M, M, 0.09, 0.8, M
IN, SOUTH BEND 4.5 SE, -86.216, 41.622, 873, M, M, M, M, 0.06, 0.8, 10
IN, MONTICELLO 5.5 NNW, -86.789, 40.824, 658, M, M, M, M, 0.08, 0.8, 5
IN, COLUMBIA CITY 4.6 S, -85.469, 41.093, 842, M, M, M, M, 0.08, 1.0, 7
MI, ST. JOSEPH 1.5 SSE, -86.480, 42.077, 632, M, M, M, M, M, M, M
MI, NILES 3.5 E, -86.180, 41.841, 766, M, M, M, M, 0.06, M, M
IN, VALPARAISO 2.2 WNW, -87.087, 41.493, 786, M, M, M, M, M, M, M
IN, WARSAW 1.4 N, -85.849, 41.260, 815, M, M, M, M, 0.05, 0.7, M
IN, INDIANAPOLIS 8.0 N, -86.119, 39.891, 732, M, M, M, M, 0.07, 1.1, M
IN, CRAIGVILLE 2.7 NW, -85.132, 40.800, 853, M, M, M, M, 0.08, 1.4, 8
OH, GREENVILLE 5.3 N, -84.637, 40.174, 1040, M, M, M, M, M, M, M
OH, MARIA STEIN 3.0 SSW, -84.521, 40.370, 958, M, M, M, M, 0.01, 0.2, 0
IN, WHEATFIELD 4.1 WSW, -87.129, 41.175, 686, M, M, M, M, M, M, M
IN, PORTLAND 2.3 S, -84.984, 40.400, 935, M, M, M, M, M, M, M
IN, ANDERSON 2.2 NNE, -85.667, 40.120, 873, M, M, M, M, 0.10, M, M
IN, OSSIAN 2.4 W, -85.215, 40.874, 844, M, M, M, M, M, M, M
IN, NEW CASTLE 3.2 W, -85.425, 39.918, 1048, M, M, M, M, 0.06, 0.6, M
IN, SOUTH BEND 4.1 NE, -86.205, 41.715, 764, M, M, M, M, M, 0.7, M
OH, GREENVILLE 5.6 E, -84.520, 40.096, 1010, M, M, M, M, M, M, M
IN, FORT WAYNE 8.0 NE, -85.053, 41.170, 805, M, M, M, M, 0.09, M, M
IN, MACY 2.7 SSE, -86.116, 40.920, 835, M, M, M, M, 0.01, M, M
IN, (KC9ZPE) MODOC 0.1 NNW, -85.127, 40.046, 1173, M, M, M, M, M, 1.0, M
IN, GOSHEN 1.2 SW, -85.854, 41.569, 808, M, M, M, M, 0.07, 0.6, 8
IN, NORTHERN INDIANA WFO, -85.700, 41.359, 951, 13, 7, 10.0, 9, 0.46, 5.9, 11
IN, MUNCIE 4.3 SSE, -85.358, 40.140, 981, M, M, M, M, 0.02, M, M
IN, (KB9CRA)GAS CITY 0.3 N, -85.606, 40.494, 852, M, M, M, M, 0.07, 1.0, 4
IN, NEW PALESTINE 1.2 NW, -85.909, 39.732, 823, M, M, M, M, 0.10, 1.1, M
IN, GREENWOOD 4.6 SW, -86.175, 39.568, 774, M, M, M, M, 0.12, 1.7, M
IN, NORTH WEBSTER 2.3 N, -85.701, 41.359, 955, M, M, M, M, 0.07, 0.8, 6
IN, MILFORD 0.9 N, -85.847, 41.424, 837, M, M, M, M, 0.06, 0.7, M
IN, KENDALLVILLE 4.5 NW, -85.307, 41.497, 973, M, M, M, M, M, M, M
IN, (K9EKP) PARKER CITY 0.3 NE, -85.199, 40.193, 1022, M, M, M, M, M, M, M
MI, CONSTANTINE 1.9 E, -85.628, 41.840, 806, M, M, M, M, M, M, M
IN, WOODBURN 3N, -84.848, 41.165, 710, 20, 10, 15.0, 10, 0.04, 0.8, 5
IN, AVILLA 3SW, -85.296, 41.353, 990, M, M, M, M, 0.10, 2.0, 7
IN, FORT WAYNE 4.1 NE, -85.089, 41.121, 814, M, M, M, M, 0.09, 1.9, 9
IN, FORT WAYNE 2.6 NW, -85.180, 41.095, 816, M, M, M, M, 0.01, 0.5, 8
IN, INDIANAPOLIS 8.2 N, -86.135, 39.895, 766, M, M, M, M, S, M, M
IN, LOGANSPORT 0.6 E, -86.347, 40.754, 626, M, M, M, M, 0.08, 1.5, 7
MI, THREE RIVERS 7.2 WSW, -85.762, 41.903, 890, M, M, M, M, 0.01, M, M
IN, HARLAN 2.2 ENE, -84.879, 41.203, 758, M, M, M, M, 0.07, M, M
OH, UNION CITY, -84.794, 40.206, 1082, M, M, M, M, 0.06, M, M
IN, LEESBURG 4.1 W, -85.928, 41.335, 847, M, M, M, M, M, M, M
OH, VERSAILLES 1.6 WSW, -84.513, 40.218, 1002, M, M, M, M, 0.05, M, M
IN, CROMWELL 2.9 W, -85.669, 41.401, 880, M, M, M, M, S, M, M
IN, WARSAW 3.7 E, -85.777, 41.232, 839, M, M, M, M, 0.05, 1.0, 5
IN, MONROE 0.2 NW, -84.943, 40.747, 821, M, M, M, M, M, M, M
IN, (W9JKL) PORTLAND 0.6 SSW, -84.986, 40.425, 912, M, M, M, M, M, M, M
IN, BROWNSBURG 0.8 NNW, -86.401, 39.852, 883, M, M, M, M, 0.10, 1.8, 4
OH, GERMANTOWN 0.8 WSW, -84.375, 39.629, 817, M, M, M, M, M, M, M
IN, COLUMBIA CITY 3.0 ESE, -85.431, 41.143, 834, M, M, M, M, M, M, M
IN, COLUMBIA CITY 0.5 WSW, -85.495, 41.157, 866, M, M, M, M, 0.08, 1.0, 5
IN, TRI-LAKES 3.0 N, -85.486, 41.265, 928, M, M, M, M, 0.09, 1.0, M
IN, FORT WAYNE 5.7 NE, -85.061, 41.131, 805, M, M, M, M, 0.00, 0.0, M
OH, NEW LEBANON, -84.396, 39.737, 933, M, M, M, M, 0.05, 0.5, 2
IN, CHESTERTON 3.9 ESE, -86.986, 41.583, 732, M, M, M, M, 0.25, 7.0, M
IN, FORT WAYNE 10.1 WSW, -85.324, 41.031, 852, M, M, M, M, M, M, M
IN, MCCORDSVILLE 0.9 NW, -85.945, 39.916, 826, M, M, M, M, 0.06, M, M
IN, NOBLESVILLE 3.6 NW, -86.085, 40.088, 864, M, M, M, M, S, M, M
IN, WABASH 1.2 SSW, -85.832, 40.782, 791, M, M, M, M, 0.07, 1.0, M
IN, FISHERS 0.7 WSW, -86.036, 39.951, 810, M, M, M, M, 0.08, M, M
IN, FISHERS 3.0 NE, -85.989, 39.989, 827, M, M, M, M, 0.10, 1.1, M
IN, GOSHEN 1.4 W, -85.862, 41.579, 800, M, M, M, M, 0.05, 0.6, 8
IN, WEST LAFAYETTE 3.3 WNW, -86.968, 40.464, 672, M, M, M, M, 0.08, 1.6, 6
IN, MUNCIE 1.6 WNW, -85.418, 40.207, 926, M, M, M, M, 0.05, 0.9, 4
IN, MCCORDSVILLE 1.3 W, -85.956, 39.906, 828, M, M, M, M, 0.06, 1.0, 2
IN, GREENWOOD 3.8 W, -86.186, 39.615, 706, M, M, M, M, 0.07, 1.0, 3
IN, NEW CASTLE 3.9 SW, -85.411, 39.877, 1055, M, M, M, M, 0.07, M, M
MI, THREE RIVERS 2.4 NE, -85.602, 41.971, 821, M, M, M, M, 0.07, 1.3, 8
OH, ARCANUM 4.0 NE, -84.494, 40.028, 1019, M, M, M, M, 0.00, 0.0, M
IN, ANGOLA 8.8 ESE, -84.834, 41.616, 977, M, M, M, M, 0.08, 0.8, M
IN, VALPARAISO 2.2 NW, -87.075, 41.503, 820, M, M, M, M, 0.50, 8.5, M
IN, FORTVILLE 1.5 NW, -85.869, 39.949, 856, M, M, M, M, 0.09, 1.0, M
IN, COLUMBIA CITY 7.4 N, -85.505, 41.264, 918, M, M, M, M, 0.05, 1.0, M
IN, INDIANAPOLIS 8.5 SSE, -86.114, 39.656, 789, M, M, M, M, 0.11, M, M
IN, WEST LAFAYETTE 1.0 NNW, -86.922, 40.456, 711, M, M, M, M, 0.08, 1.9, 7
IN, LIGONIER 4.3 WNW, -85.674, 41.480, 880, M, M, M, M, 0.07, M, M
IN, WINONA LAKE 0.9 SW, -85.828, 41.210, 821, M, M, M, M, 0.05, 0.8, 7
IN, PENDLETON 5.9 WSW, -85.850, 39.981, 863, M, M, M, M, 0.09, 1.0, 3
IN, GREENWOOD 2.6 W, -86.163, 39.614, 737, M, M, M, M, 0.07, 1.2, 2
IN, DENVER 0.5 SSE, -86.072, 40.858, 677, M, M, M, M, 0.07, 1.3, 8
OH, ARCANUM 4.1 ENE, -84.489, 40.023, 1016, M, M, M, M, 0.08, 0.2, 3
IN, HOAGLAND 1.5 SSW, -84.999, 40.928, 833, M, M, M, M, 0.12, 1.2, M
IN, GOSHEN 0.3 NE, -85.831, 41.582, 801, M, M, M, M, 0.04, 0.5, 6
IN, CLOVERDALE 3.5 W, -86.863, 39.516, 673, M, M, M, M, 0.09, 0.8, M
IN, INDIANAPOLIS 5.1 N, -86.147, 39.850, 739, M, M, M, M, 0.08, 1.0, 2
IN, WARSAW 4.6 NNE, -85.811, 41.300, 847, M, M, M, M, 0.03, 1.0, 8
IN, COLUMBIA CITY 1.9 E, -85.449, 41.157, 830, M, M, M, M, 0.08, M, M
MI, OSSEO 2.7 NE, -84.494, 41.901, 1170, M, M, M, M, 0.11A, M, 2
IN, NOBLESVILLE 1.9 NW, -86.058, 40.075, 788, M, M, M, M, 0.08, 1.2, M
IN, ROCKVILLE 3.6 ENE, -87.170, 39.789, 702, M, M, M, M, 0.04, 1.0, 1
IN, INDIANAPOLIS 6.2 E, -86.030, 39.781, 867, M, M, M, M, 0.07, M, M
IN, MILL CREEK 1.9 NNE, -86.524, 41.607, 724, M, M, M, M, 0.10, 1.8, M
IN, MUNCIE 3.2 W, -85.450, 40.193, 926, M, M, M, M, 0.07, M, M
IN, WARSAW 3.0 SE, -85.803, 41.211, 855, M, M, M, M, 0.07, 1.0, 8
IN, AUBURN 1.0 E AUBURN, -85.042, 41.361, 864, M, M, M, M, M, 1.0, M
IL, OAK FOREST 0.6 N, -87.751, 41.616, 654, M, M, M, M, 0.13, 1.0, 12
IL, BUFFALO GROVE 1.3 ESE, -87.939, 42.161, 661, M, M, M, M, 0.09, M, M
IN, ST. JOHN 2.8 SE, -87.444, 41.415, 732, M, M, M, M, 0.10, 1.2, M
IL, NEW LENOX 2.0 ESE, -87.951, 41.504, 716, M, M, M, M, 0.09, 1.0, M
IL, KANKAKEE 3.3 E, -87.799, 41.125, 661, M, M, M, M, 0.04, 0.8, 0
IL, HOMER 0.6 NNW, -87.964, 40.039, 672, M, M, M, M, 0.13, M, M
IL, BULT FIELD-MONEE 4.9 SE, -87.680, 41.377, 777, M, M, M, M, 0.11, 1.0, 14
IN, TERRE HAUTE 6.5 N, -87.365, 39.564, 518, M, M, M, M, 0.10, 1.3, M
IN, PORTAGE 2.4 NNW, -87.196, 41.619, 617, M, M, M, M, 0.15, 3.3, 15
IN, GRIFFITH 1.2 N, -87.419, 41.540, 618, M, M, M, M, M, M, M
IN, TERRE HAUTE 6.1 ESE, -87.273, 39.448, 590, M, M, M, M, 0.18, M, M
IL, MORTON GROVE 1.2 WNW, -87.810, 42.051, 657, M, M, M, M, 0.09, M, M
IL, OAK LAWN 0.8 WSW, -87.766, 41.711, 623, M, M, M, M, 0.07, 1.4, 14
IL, EVANSTON 0.8 ESE, -87.679, 42.043, 608, M, M, M, M, 0.49A, M, M
IN, LOWELL 3.1 NNW, -87.437, 41.336, 724, M, M, M, M, M, 2.0, 12
IL, CHICAGO 6.8 NW, -87.704, 41.963, 596, M, M, M, M, 0.07, M, M
IL, NEW LENOX 2.1 S, -87.991, 41.489, 685, M, M, M, M, 0.06, M, M
IN, TERRE HAUTE 2.4 E, -87.338, 39.467, 562, M, M, M, M, 0.09, M, M
IL, EVANSTON 0.9 S, -87.698, 42.033, 600, M, M, M, M, 0.12, M, M
IN, TERRE HAUTE 5.3 S, -87.396, 39.394, 505, M, M, M, M, 0.06, M, M
IL, CHEBANSE 0.8 ENE, -87.899, 41.005, 659, M, M, M, M, 0.10, 0.3, M
IL, ARLINGTON HEIGHTS 0.8 NNW, -87.990, 42.105, 717, M, M, M, M, 0.07, M, M
IL, LOMBARD 1.2 E, -87.991, 41.873, 723, M, M, M, M, M, 1.1, M
IL, PARK FOREST 0.7 WNW, -87.700, 41.486, 720, M, M, M, M, M, 0.6, 16
IL, EVANSTON 0.6 S, -87.694, 42.038, 604, M, M, M, M, 0.09, 1.5, M
IL, MOUNT PROSPECT 1.3 SSE, -87.924, 42.050, 653, M, M, M, M, 0.08, M, M
IN, HOBART 1.1 S, -87.267, 41.516, -, M, M, M, M, 0.25, M, M
IN, GARY 5.9 ENE, -87.235, 41.622, 611, M, M, M, M, 0.30, M, M
IL, DES PLAINES 1.8 NNW, -87.911, 42.059, 660, M, M, M, M, 0.06, M, M
IL, MERRIONETTE PARK 1.7 NE, -87.674, 41.696, 664, M, M, M, M, 0.10, M, M
IL, FRANKLIN PARK 0.5 SSE, -87.874, 41.929, 638, M, M, M, M, 0.08, 1.0, 14
IL, GEORGETOWN 0.5 NNW, -87.640, 39.983, 673, M, M, M, M, 0.14, 1.5, M
IL, LA GRANGE 0.3 ENE, -87.867, 41.810, 639, M, M, M, M, 0.10, 1.5, 15
MI, JACKSON REYNOLDS FIELD, -84.456, 42.264, 971, 14, 8, 11.0, M, 0.14, M, M
MI, LANSING CAPITAL CITY AP, -84.600, 42.776, 857, 12, 7, 9.5, M, 0.33, 5.5, 10
MI, MUSKEGON COUNTY AP, -86.237, 43.171, 624, 15, 8, 11.5, M, 0.09, 0.8, 13
MI, MARSHALL, -84.970, 42.265, 895, M, M, M, M, 0.06, 0.6, 6
MI, KALAMAZOO BATTLE CREEK INTL AP, -85.546, 42.228, 864, 13, 8, 10.5, M, 0.06, M, M
MI, BLOOMINGDALE, -85.963, 42.384, 736, 17, 8, 12.5, 8, 0.04, 0.8, M
MI, GULL LAKE BIOLOGICAL STATION, -85.385, 42.394, 925, 29, 11, 20.0, 15, 0.12, 2.6, 11
MI, EATON RAPIDS, -84.652, 42.518, 870, 24, 4, 14.0, 8, 0.10, 1.0, 7
MI, CHARLOTTE, -84.825, 42.550, 902, M, M, M, M, 0.09, 1.0, 8
MI, HASTINGS, -85.288, 42.642, 821, 16, 6, 11.0, 7, 0.09, 1.0, 9
MI, GRAND LEDGE 1 NW, -84.762, 42.762, 801, M, M, M, M, 0.13, 1.5, 10
MI, HOLLAND WTP, -86.206, 42.799, 605, M, M, M, M, S, M, M
MI, HOLLAND TULIP CITY AP, -86.097, 42.746, 677, 14, 8, 11.0, M, T, M, M
MI, PORTLAND, -84.912, 42.856, 720, M, M, M, M, M, M, M
MI, GRAND RAPIDS GERALD R FORD INTL AP, -85.523, 42.882, 788, 13, 8, 10.5, M, 0.26, 3.4, 11
MI, LOWELL, -85.340, 42.928, 656, M, M, M, M, 0.08, 2.1, M
MI, GRAND RAPIDS SUTRON, -85.683, 42.967, 586, M, M, M, M, M, M, M
MI, SAINT JOHNS, -84.555, 43.013, 743, M, M, M, M, M, M, M
MI, GRAND HAVEN WASTEWATER PLANT, -86.204, 43.062, 600, 14, 8, 11.0, 9, 0.05, 1.0, 12
MI, GREENVILLE 2 NNE, -85.242, 43.203, 888, 15, 1, 8.0, 12, 0.08, 1.6, 11
MI, KENT CITY 2 SW, -85.778, 43.204, 813, M, M, M, M, M, M, M
MI, ALMA, -84.648, 43.387, 728, 19, 5, 12.0, M, 0.08, 1.3, 10
MI, MONTAGUE 4 NW, -86.418, 43.461, 650, 13, 6, 9.5, 12, 0.00, 0.0, 15
MI, FREMONT 4 WSW, -86.026, 43.445, 797, M, M, M, M, 0.00, M, 15
MI, CENTRAL MICHIGAN UNIVERSITY, -84.769, 43.586, 795, 23, 6, 14.5, 6, 0.02, 1.0, M
MI, BIG RAPIDS WATER TREATMENT PLANT, -85.482, 43.707, 898, 13, 5, 9.0, 5, 0.01, 0.2, 8
MI, HART 3 WSW, -86.423, 43.675, 775, M, M, M, M, 0.04, 0.7, 17
MI, GLADWIN, -84.491, 43.976, 775, 17, -3, 7.0, 2, 0.00, 0.0, 10
MI, REED CITY WWTP, -85.497, 43.875, 1047, M, M, M, M, M, M, M
MI, IONIA SUTRON, -85.067, 42.967, 615, M, M, M, M, M, M, M
MI, BATTLE CREEK KELLOGG AP, -85.241, 42.312, 927, 12, 8, 10.0, M, 0.08, M, M
MI, OIL CITY 2S, -84.589, 43.582, 680, M, M, M, 5, 0.19A, 2.2, 13
MI, BATTLE CREEK 0.5 N, -85.230, 42.306, 933, M, M, M, M, 0.16, M, M
MI, BELMONT 1.0 WNW, -85.628, 43.079, 785, M, M, M, M, 0.08, 1.6, 11
MI, BATTLE CREEK 5NW, -85.263, 42.368, 923, 15, 7, 11.0, 10, 0.18, 2.4, 11
MI, SCOTTVILLE 2 SE, -86.245, 43.934, 666, M, M, M, M, 0.02, 0.3, 13
MI, WAYLAND 2.0 W, -85.680, 42.673, 739, M, M, M, M, 0.04, 1.3, 10
MI, FENNVILLE 0.8 W, -86.120, 42.594, 670, M, M, M, M, S, M, M
MI, PLAINWELL 5.4 E, -85.538, 42.451, 913, M, M, M, M, 0.08, 0.9, 10
MI, HASTINGS 4.3 SSW, -85.316, 42.592, 910, M, M, M, M, 0.04, 1.8, 10
MI, LAINGSBURG 5.0 SW, -84.420, 42.840, 811, M, M, M, M, 0.14, 1.7, 11
MI, HASLETT 1.2 N, -84.403, 42.770, 863, M, M, M, M, 0.12, 1.5, 11
MI, LANSING 3.8 WNW, -84.627, 42.722, 879, M, M, M, M, 0.07, 1.0, 11
MI, SARANAC 2.6 NE, -85.174, 42.958, 667, M, M, M, M, 0.08, 1.3, 11
MI, JACKSON 3.2 W, -84.467, 42.241, 998, M, M, M, M, 0.07, 1.0, 8
MI, ADA 0.7 SE, -85.477, 42.949, 624, M, M, M, M, 0.09, 1.4, 10
MI, GRAND RAPIDS 3.1 NNE, -85.641, 43.005, 697, M, M, M, M, 0.08, M, M
MI, LOWELL 1.4 ESE, -85.322, 42.924, 708, M, M, M, M, 0.11, M, M
MI, GRAND RAPIDS 2.5 ENE, -85.607, 42.970, 767, M, M, M, M, 0.07, 0.4, M
MI, GRAND RAPIDS 3.0 NW, -85.692, 42.995, 621, M, M, M, M, M, M, M
MI, CALEDONIA 4.4 WNW, -85.589, 42.825, 762, M, M, M, M, 0.08, 1.7, 12
MI, KENTWOOD 1.6 WSW, -85.622, 42.874, 745, M, M, M, M, 0.03, M, M
MI, ADA 1.8 W, -85.526, 42.949, 791, M, M, M, M, 0.09, 1.7, M
MI, KALAMAZOO 6.0 SW, -85.659, 42.206, 899, M, M, M, M, 0.08, 1.0, 13
MI, WESTERN MICHIGAN UNIVERSITY, -85.615, 42.283, 892, M, M, M, M, M, 3.5, 14
MI, KALAMAZOO 5.6 E, -85.479, 42.269, 856, M, M, M, M, M, M, M
MI, MUSKEGON 3.5 SSE, -86.236, 43.179, 621, M, M, M, M, 0.01, 0.2, 14
MI, WHITE CLOUD 7.5 ENE, -85.642, 43.606, 978, M, M, M, M, T, 0.1, 12
MI, HOLLAND 3.9 NNE, -86.068, 42.823, 617, M, M, M, M, 0.09, 2.0, 22
MI, HOLLAND 4.4 NW, -86.151, 42.823, 653, M, M, M, M, 0.09, 2.0, 12
MI, GRAND JUNCTION 1.3 ENE, -86.048, 42.409, 665, M, M, M, M, 0.06, 1.0, 10
MI, PAW PAW 3.6 NNE, -85.862, 42.266, 709, M, M, M, M, 0.05, 0.5, 11
MI, ALMA 0.3 NW, -84.659, 43.382, 738, M, M, M, M, 0.08, 1.1, M
MI, MUSKEGON 4 SE, -86.204, 43.184, 633, M, M, M, M, 0.04, 0.8, 13
MI, NWSFO GRAND RAPIDS, -85.545, 42.893, 775, 13, 7, 10.0, 9, 0.14, 3.4, 13
MI, NORTON SHORES 2.3 SSE, -86.243, 43.127, 599, M, M, M, M, 0.41A, M, M
MI, BALDWIN MICHIGAN, -85.851, 43.893, 832, 16, 5, 10.5, M, M, M, M
MI, HOPKINS 1 N, -85.761, 42.635, 705, M, M, M, M, 0.07, 1.4, 11
MI, HARRISON 5.2 ESE, -84.702, 43.989, 974, M, M, M, M, 0.02, 0.2, 12
MI, GRAND RAPIDS 2.9 NW, -85.694, 42.992, 637, M, M, M, M, 0.04, 1.0, 12
MI, WHITE CLOUD 2.9 NW, -85.798, 43.591, 967, M, M, M, M, 0.00, 0.0, M
MI, SHEPHERD 3.7 SSE, -84.667, 43.474, 782, M, M, M, M, 0.09, 1.6, M
MI, ROCKFORD, -85.564, 43.116, 716, M, M, M, M, 0.10, 1.2, 14
MI, EAST GRAND RAPIDS, -85.613, 42.938, 746, 17, 7, 12.0, 7, 0.09, 1.5, 12
MI, GRAND RAPIDS 4.6 ESE, -85.577, 42.928, 786, M, M, M, M, M, M, M
MI, SAUGATUCK 0.6 E, -86.193, 42.656, 616, M, M, M, M, 0.05, M, M
MI, HOLLAND 3.0 W, -86.162, 42.771, 622, M, M, M, M, 0.14, 2.5, 14
MI, WEST OLIVE 4.0 WNW, -86.213, 42.953, 608, M, M, M, M, M, M, M
MI, PLAINWELL 0.5 WSW, -85.654, 42.443, 740, M, M, M, M, 0.07, 0.8, 12
MI, BIG RAPIDS 5.4 S, -85.476, 43.626, 887, M, M, M, M, 0.02, 0.2, M
MI, HOLLAND 5.3 WSW, -86.202, 42.749, 670, M, M, M, M, 0.11, 2.6, 21
MI, EDMORE 3.8 ESE, -84.973, 43.380, 1008, M, M, M, M, 0.06, 0.5, M
MI, EATON RAPIDS 6.6 N, -84.675, 42.604, 911, M, M, M, M, M, M, M
MI, GRANDVILLE 0.6 SSW, -85.760, 42.895, 630, M, M, M, M, 0.08, 1.1, 10
MI, BIG RAPIDS 3.1 SE, -85.435, 43.677, 942, M, M, M, M, 0.05, 0.4, M
MI, CALEDONIA 2.6 NNW, -85.535, 42.827, 823, M, M, M, M, 0.12, 2.0, 10
MI, PAW PAW 2.0 NE, -85.862, 42.237, 760, M, M, M, M, 0.07, 0.5, 10
MI, FENWICK 3.3 E, -85.014, 43.151, 837, M, M, M, M, 0.08, M, M
MI, HOLLAND 4.2 NW, -86.149, 42.822, 622, M, M, M, M, 0.19, M, M
MI, ALLENDALE 1.7 SE, -85.925, 42.971, 659, M, M, M, M, 0.09, M, M
MI, OTSEGO 0.9 WNW, -85.713, 42.462, 720, M, M, M, M, M, 0.5, M
MI, SPRING LAKE 1.4 NNW, -86.200, 43.093, 609, M, M, M, M, 0.06, M, M
MI, LANSING 1.0 ENE, -84.535, 42.715, 853, M, M, M, M, 0.09, 1.4, 8
MI, LOWELL 5.5 NW, -85.424, 42.988, 831, M, M, M, M, 0.09, 1.5, 10
MI, LOWELL 5.5 N, -85.351, 43.012, 805, M, M, M, M, 0.10, 1.2, 10
MI, PORTAGE 0.8 WSW, -85.605, 42.198, 876, M, M, M, M, M, 1.5, M
MI, HUDSONVILLE 1.7 SE, -85.839, 42.848, 729, M, M, M, M, M, M, M
MI, MASON 3.4 S, -84.439, 42.532, 970, M, M, M, M, 0.07A, M, M
MI, EDGEMONT PARK 0.7 NNE, -84.587, 42.756, 820, M, M, M, M, 0.09, 1.0, 10
MI, GRANDVILLE 1 SW, -85.779, 42.897, 618, M, M, M, M, 0.09, 1.2, 12
KY, PARIS, -84.238, 38.205, 795, M, M, M, M, 0.15, M, M
KY, CYNTHIANA, -84.303, 38.377, 700, 27, 19, 23.0, 20, 0.10, 0.0, 0
OH, CHILO MELDAHL LOCKS & DAM, -84.173, 38.797, 480, M, M, M, M, S, M, M
OH, KINGS MILLS, -84.260, 39.353, 762, M, M, M, M, 0.06, 0.6, 4
OH, GOSHEN 1.2 SW, -84.172, 39.214, 856, M, M, M, M, 0.06, 0.5, M
OH, BETHEL 3.8 SW, -84.142, 38.930, 908, M, M, M, M, 0.07, 1.3, 2
KY, AUGUSTA 2, -84.013, 38.770, 508, 27, 19, 23.0, 20, 0.14, 2.0, 2
OH, BATAVIA 3.3 NE, -84.139, 39.113, 889, M, M, M, M, 0.06, 1.0, M
KY, CARLISLE 7.6 NNW, -84.070, 38.420, 846, M, M, M, M, 0.09, M, M
OH, CHERRY GROVE 0.4 NW, -84.328, 39.084, 862, M, M, M, M, 0.06, 0.9, 7
OH, MASON 4.3 SSW, -84.330, 39.300, 871, M, M, M, M, M, M, M
OH, MOUNT CARMEL 0.5 NW, -84.305, 39.102, 886, M, M, M, M, 0.05, 0.6, 5
OH, AMELIA, -84.218, 39.021, 888, M, M, M, M, 0.75, 2.8, 5
KY, CALIFORNIA 5 NW, -84.337, 38.969, 599, M, M, M, M, 0.08, 0.9, 4
OH, WITHAMSVILLE 1.4 NW, -84.290, 39.072, 918, M, M, M, M, 0.06, 0.3, 4
OH, LOVELAND 3.6 ENE, -84.216, 39.293, 790, M, M, M, M, 0.05, 0.5, 4
OH, KENWOOD 1.0 NE, -84.361, 39.216, 779, M, M, M, M, 0.08, 0.7, M
OH, LOVELAND 2.1 S, -84.267, 39.237, 830, M, M, M, M, 0.06, 0.5, M
OH, LOVELAND 0.6 SW, -84.282, 39.261, 743, M, M, M, M, 0.04, M, M
MI, MORENCI, -84.215, 41.722, 770, 28, 8, 18.0, 10, 0.05, 0.5, 7
MI, ADRIAN 2 NNE, -84.016, 41.916, 760, M, 9, M, 15, 0.35, 4.0, 7
MI, MANCHESTER, -84.024, 42.151, 965, 23, 3, 13.0, 10, 0.05, 0.6, 8
MI, TIPTON 2WNW, -84.111, 42.028, 970, 25, 6, 15.5, 7, 0.06, 0.6, 8
OH, FRANKLIN, -84.319, 39.554, 679, 25, 15, 20.0, 16, 0.04, T, 2
OH, DAYTON WRIGHT BROTHERS AP, -84.226, 39.592, 953, 22, 16, 19.0, M, 0.33, M, M
OH, DAYTON MCD, -84.190, 39.782, 743, 25, 14, 19.5, 15, 0.23, M, M
OH, NEW CARLISLE, -84.033, 39.932, 874, 26, 14, 20.0, 15, 0.04, 0.5, 4
OH, TIPP CITY, -84.175, 39.957, 840, M, M, M, M, 0.05, M, M
OH, PLEASANT HILL, -84.358, 40.055, 857, M, M, M, M, 0.05, M, M
OH, PIQUA WWTP, -84.234, 40.131, 853, 27, 11, 19.0, 12, 0.04A, M, M
OH, PIQUA, -84.237, 40.153, 861, M, M, M, M, S, M, M
OH, SIDNEY 1 S, -84.151, 40.271, 940, 23, 13, 18.0, 14, 0.03, M, M
OH, LIMA ALLEN COUNTY AP, -84.021, 40.708, 961, 17, 14, 15.5, M, 0.15, M, M
OH, LIMA WWTP, -84.129, 40.725, 850, 29, 15, 22.0, 15, 0.05, T, 4
OH, OTTAWA, -84.054, 41.032, 730, M, M, M, M, 0.40, 4.0, 6
OH, WAUSEON WATER PLANT, -84.145, 41.518, 750, 24, 9, 16.5, 11, 0.14, 1.5, 5
MI, ADRIAN LENAWEE COUNTY AP, -84.079, 41.868, 801, 15, 10, 12.5, M, 0.12, M, M
OH, DAYTON INTERNATIONAL AIRPORT, -84.219, 39.906, 993, 20, 15, 17.5, M, 0.49, 5.9, 5
OH, NAPOLEON 1SW, -84.151, 41.382, 670, M, M, M, M, M, M, M
OH, LIMA 2.7 NE, -84.080, 40.774, 867, M, M, M, M, 0.02, 0.5, 6
OH, DELPHOS 2.3 ESE, -84.298, 40.834, 783, M, M, M, M, 0.02, 0.5, 6
OH, WAPAKONETA 0.3 SW, -84.196, 40.568, 899, M, M, M, M, M, 0.5, 6
OH, PIQUA 0.8 SSE, -84.248, 40.136, 899, M, M, M, M, 0.03, T, M
OH, KETTERING 0.2 ESE, -84.146, 39.695, 999, M, M, M, M, 0.10, 1.0, 2
OH, HOUSTON 1.3 NNE, -84.325, 40.271, 978, M, M, M, M, 0.05, 0.6, M
OH, CLARKSVILLE 2.3 WNW, -84.025, 39.409, 949, M, M, M, M, 0.05, 0.5, 4
OH, FAYETTE 5E, -84.249, 41.660, 745, M, M, M, M, M, M, M
OH, LEBANON 3.4 E, -84.149, 39.420, 929, M, M, M, M, 0.03, 0.4, 3
OH, NAPOLEON 0.6 WSW, -84.138, 41.391, 675, M, M, M, M, 0.10, 1.4, 7
OH, HUBER HEIGHTS 1.8 NNW, -84.128, 39.880, 989, M, M, M, M, 0.09, 0.5, M
OH, UNION 1.0 WSW, -84.328, 39.898, 981, M, M, M, M, 0.03, 0.7, 4
OH, NAPOLEON 4.5 NNW, -84.150, 41.457, 705, M, M, M, M, 0.06, 1.2, 6
OH, CENTERVILLE 3.9 S, -84.150, 39.585, 1002, M, M, M, M, 0.03, 0.3, 3
OH, TROY 3.7 S, -84.210, 39.992, 889, M, M, M, M, 0.09, 1.2, 6
OH, BEAVERCREEK 1.5 ENE, -84.036, 39.735, 949, M, M, M, M, 0.05, 1.0, M
OH, MIAMISBURG 1.5 SE, -84.253, 39.623, 959, M, M, M, M, 0.07, 0.6, M
OH, OTTAWA 1.0 N, -84.043, 41.036, 740, M, M, M, M, 0.05, 1.3, 4
OH, TROY 3.1 S, -84.211, 40.000, 881, M, M, M, M, M, 0.3, 6
OH, SIDNEY 5.4 SW, -84.241, 40.237, 928, M, M, M, M, 0.02, 0.6, 6
IN, PORTAGE 2.8 E, -87.128, 41.586, 633, M, M, M, M, M, M, M
IN, CHESTERTON 4.2 E, -86.975, 41.594, 684, M, M, M, M, M, 6.0, M
IN, VALPARAISO 0.9 NNW, -87.058, 41.490, 824, M, M, M, M, 0.30, 8.3, 21
IN, CHESTERTON 1.4 ENE, -87.034, 41.612, 638, M, M, M, M, 0.30, 6.9, 18
IN, VALPARAISO 5.5 SSW, -87.104, 41.408, 739, M, M, M, M, 0.05, 1.0, 8
IN, MORRISTOWN 3.8 ENE, -85.633, 39.692, 922, M, M, M, M, 0.08, 1.0, 1
IN, HOMER 0.4 NE, -85.571, 39.579, 904, M, M, M, M, 0.04, 0.4, M
IN, SHELBYVILLE 7.1 WSW, -85.904, 39.494, 743, M, M, M, M, 0.05, 0.7, M
IN, WALKERTON 5.7 ENE, -86.385, 41.502, 764, M, M, M, M, 0.08, 1.1, 10
IN, MISHAWAKA 3.9 ENE, -86.095, 41.683, 755, M, M, M, M, 0.05, 0.8, 8
IN, SOUTH BEND 4.6 SE, -86.215, 41.621, 884, M, M, M, M, 0.09, 1.0, 10
IN, WALKERTON 4.1 ENE, -86.408, 41.487, 746, M, M, M, M, 0.09, M, M
IN, HUDSON 4.1 NNW, -85.101, 41.592, 1056, M, M, M, M, 0.04, 0.8, M
IN, HUDSON 4.6 N, -85.090, 41.600, 988, M, M, M, M, 0.05, 1.0, M
IN, HAMILTON 1.7 E, -84.885, 41.532, 909, M, M, M, M, S, M, M
IN, ANGOLA 8.7 ESE, -84.838, 41.608, 988, M, M, M, M, 0.07, M, M
IN, ANGOLA 4.1 N, -84.987, 41.701, 1076, M, M, M, M, 0.06, 0.8, 10
IN, HUDSON 0.3 SE, -85.078, 41.531, 988, M, M, M, M, M, M, M
IN, OTTERBEIN 2.3 SE, -87.061, 40.467, 692, M, M, M, M, 0.07, M, M
IN, LAFAYETTE 2.2 S, -86.866, 40.380, 646, M, M, M, M, 0.08, 1.5, 5
IN, LAFAYETTE 2.2 NE, -86.844, 40.436, 671, M, M, M, M, 0.08, 1.3, 6
IN, LA FONTAINE 1.1 NW, -85.738, 40.684, 808, M, M, M, M, 0.05, 1.0, M
IN, BURNETTSVILLE 9.9 NNW, -86.653, 40.898, 699, M, M, M, M, 0.18, 1.5, M
OH, FRANKLIN MCD, -84.315, 39.553, 670, M, M, M, M, 0.05, M, M
OH, LIMA 3.0 SSE, -84.097, 40.701, 886, M, M, M, M, 0.03, 0.5, 4
OH, TIPP CITY 0.6 SE, -84.175, 39.957, 840, M, M, M, M, 0.05, 0.8, 5
OH, CENTERVILLE 3.1 SSW, -84.162, 39.600, 1002, M, M, M, M, M, M, M
OH, DAYTON 3.7 SE, -84.147, 39.742, 918, M, M, M, M, S, M, M
OH, WAPAKONETA 0.9 E, -84.175, 40.568, 894, M, M, M, M, M, M, M
OH, WAUSEON 1.8 S, -84.144, 41.528, 749, M, M, M, M, M, M, M
OH, FORT LORAMIE, -84.373, 40.357, 951, M, M, M, M, 0.07, 0.8, 5
OH, SPRINGBORO 3.7 SE, -84.184, 39.530, 839, M, M, M, M, 0.04, 0.5, 4
OH, MIDDLETOWN 2.7 NNE, -84.346, 39.539, 728, M, M, M, M, 0.03, 0.6, M
OH, ARCHBOLD 4.7 NW, -84.361, 41.568, 717, M, M, M, M, 0.06, M, M
OH, CENTERVILLE 2.8 W, -84.193, 39.640, 906, M, M, M, M, M, M, 4
OH, DAYTON 5.8 NNW, -84.223, 39.860, 988, M, M, M, M, 0.06, M, M
OH, BEAVERCREEK 2.3 SSE, -84.049, 39.698, 927, M, M, M, M, 0.05, 0.4, M
OH, LEBANON 3.7 ENE, -84.146, 39.440, 909, M, M, M, M, 0.04, 0.5, M
OH, BEAVERCREEK 2.0 NE, -84.034, 39.749, 970, M, M, M, M, 0.06, 0.5, M
OH, SPRINGBORO 0.8 NNW, -84.243, 39.575, 868, M, M, M, M, 0.04, 0.6, M
OH, ELIDA 1.4 WNW, -84.223, 40.797, 792, M, M, M, M, M, 0.5, 8
OH, FAIRBORN 2.0 SW, -84.039, 39.781, 875, M, M, M, M, 0.04, 0.7, 1
OH, TROY 1.8 W, -84.252, 40.045, 916, M, M, M, M, M, M, M
OH, DEFIANCE 0.5 E, -84.352, 41.281, 695, M, M, M, M, 0.08, 1.4, 4
OH, BEAVERCREEK 1.1 SW, -84.074, 39.717, 857, M, M, M, M, M, 0.5, M
MI, CHELSEA, -84.013, 42.326, 900, 21, 9, 15.0, 9, 0.10, 1.0, 8
MI, OWOSSO WWTP, -84.180, 43.016, 730, 19, 8, 13.5, 8, 0.05, 1.7, 11
MI, CHESANING, -84.111, 43.194, 620, M, M, M, M, 0.12, 2.0, 7
MI, MIDLAND, -84.201, 43.609, 640, 15, 5, 10.0, 7, 0.20, M, M
IN, MODOC 0.1 W, -85.128, 40.045, 1176, M, M, M, M, M, 1.0, M
OH, NEW BREMEN 1.9 WNW, -84.412, 40.451, 929, M, M, M, M, M, 0.5, 6
IN, PLAINFIELD 2.2 W, -86.428, 39.698, 773, M, M, M, M, S, M, M
IN, NOBLESVILLE 2.8 SSW, -86.058, 40.022, 790, M, M, M, M, S, M, M
OH, YORKSHIRE 1.6 SSW, -84.504, 40.304, 1015, M, M, M, M, 0.05, M, M
IN, FORT WAYNE 9.0 NNE, -85.066, 41.192, 804, M, M, M, M, 0.00, 0.0, M
IN, MONROEVILLE 0.2 ESE, -84.864, 40.971, 790, M, M, M, M, 0.09, M, M
MI, CASSOPOLIS 9.0 SSE, -85.949, 41.789, 850, M, M, M, M, 0.07, M, M
IN, INDIANAPOLIS 5.8 NNE, -86.095, 39.851, 747, M, M, M, M, 0.08, 1.3, 2
IN, ALBION 2.9 S, -85.422, 41.353, 935, M, M, M, M, M, M, M
IN, FRANKLIN 4.8 SSE, -86.037, 39.425, 730, M, M, M, M, 0.03, 0.5, M
IN, ANDERSON 4.0 N, -85.687, 40.151, 889, M, M, M, M, 0.08, 1.0, 4
IN, VALPARAISO 1.0 ENE, -87.034, 41.482, 813, M, M, M, M, 0.25, M, M
IN, TIPPECANOE 0.8 S, -86.114, 41.197, 782, M, M, M, M, 0.06, M, M
IN, KOKOMO 1.7 ESE, -86.103, 40.469, 820, M, M, M, M, S, M, M
IN, KEWANNA 4.9 SSW, -86.446, 40.953, 753, M, M, M, M, 0.07, 1.0, 7
MI, SHOREHAM 2.0 SE, -86.488, 42.035, 629, M, M, M, M, 0.12, 1.8, M
IN, WESTFIELD 0.7 NNW, -86.136, 40.056, 907, M, M, M, M, M, 1.0, 1
IN, GREENWOOD 4.9 SW, -86.187, 39.572, 733, M, M, M, M, 0.07, 1.2, 6
IN, CARMEL 2.8 NNW, -86.138, 40.003, 885, M, M, M, M, M, M, M
IN, FORT WAYNE 9.3 W, -85.315, 41.053, 831, M, M, M, M, 0.06, 1.0, M
IN, FORTVILLE 1.9 SE, -85.825, 39.914, 862, M, M, M, M, M, M, M
IN, VALPARAISO 1.2 SE, -87.032, 41.466, 768, M, M, M, M, M, M, M
IN, INDIANAPOLIS 1.7 SSE, -86.135, 39.754, 751, M, M, M, M, M, M, M
IN, BROWNSBURG 5.1 NNE, -86.342, 39.903, 918, M, M, M, M, 0.07, 1.6, 4
IN, VALPARAISO 2.6 WNW, -87.098, 41.491, 738, M, M, M, M, M, M, M
IN, MONTICELLO 0.9 E, -86.747, 40.747, 681, M, M, M, M, M, M, M
IN, INDIANAPOLIS 9.8 WNW, -86.320, 39.825, 837, M, M, M, M, 0.09, 1.0, 3
IN, MARION 1.4 W, -85.694, 40.549, 851, M, M, M, M, 0.05, M, M
IN, WEST LAFAYETTE 5.9 N, -86.929, 40.529, 678, M, M, M, M, 0.09, 1.5, M
OH, PITSBURG 1.7 S, -84.489, 39.962, 1036, M, M, M, M, 0.05, 0.6, 4
IN, WESTFIELD 1.4 ESE, -86.105, 40.040, 856, M, M, M, M, 0.09, 2.0, M
IN, THORNTOWN 1.3 ENE, -86.587, 40.135, 847, M, M, M, M, 0.15, 2.0, 7
IN, CARMEL 2.8 NE, -86.068, 39.994, 776, M, M, M, M, M, 1.0, M
IN, RUSHVILLE 0.7 ENE, -85.434, 39.618, 977, M, M, M, M, 0.05, 1.2, 2
IN, SOUTH BEND, -86.249, 41.701, 710, 13, 8, 10.5, 9, 0.39, 6.5, 15
OH, EDON 4S, -84.774, 41.498, 867, M, M, M, M, 0.05, 0.9, 10
MI, MONTGOMERY 1.9 SSE, -84.790, 41.752, 1072, M, M, M, M, 0.08, 0.9, 6
IN, BURLINGTON 0.1 NNE, -86.396, 40.483, 759, M, M, M, M, 0.10, 1.6, 7
IN, GOSHEN 2.8 NW, -85.878, 41.603, 790, M, M, M, M, 0.10, 1.5, M
IN, SHERIDAN 2.0 SW, -86.242, 40.111, 948, M, M, M, M, 0.08, 1.0, 4
MI, DECATUR 7.0 WNW, -86.107, 42.132, 788, M, M, M, M, 0.05, M, M
IN, ZIONSVILLE 0.5 ESE, -86.265, 39.949, 841, M, M, M, M, 0.09, M, M
IN, NOBLESVILLE 3.8 SSE, -86.011, 40.003, 800, M, M, M, M, S, M, M
IN, GREENCASTLE 1.0 NNW, -86.846, 39.655, 760, M, M, M, M, M, M, M
IN, INDIANAPOLIS 7.8 N, -86.173, 39.888, 797, M, M, M, M, 0.09, 0.8, 1
IN, LEBANON 1.9 NNW, -86.481, 40.079, 938, M, M, M, M, 0.11, 1.0, 4
IN, NAPPANEE 4.8 NE, -85.925, 41.498, 848, M, M, M, M, M, M, M
IN, LA CROSSE 1.2 W, -86.913, 41.318, 680, M, M, M, M, 0.01, 2.0, M
IN, BREMEN 3.9 WSW, -86.227, 41.430, 807, M, M, M, M, M, M, M
IN, GREENWOOD 0.6 ESE, -86.103, 39.613, 804, M, M, M, M, 0.00, 0.0, M
IN, ELKHART 3.5 ENE, -85.903, 41.700, 761, M, M, M, M, 0.10, M, M
IN, FRANKLIN 2.0 NW, -86.077, 39.516, 776, M, M, M, M, M, M, M
IN, MARION 6.5 N, -85.685, 40.642, 827, M, M, M, M, 0.07, 0.8, M
IN, WARSAW 1.2 NNE, -85.835, 41.254, 848, M, M, M, M, 0.05, M, M
IN, HUDSON 3SW, -85.132, 41.512, 945, M, M, M, M, 0.08, 0.9, 7
OH, HAMILTON 1.2 NNW, -84.571, 39.408, 647, M, M, M, M, 0.08, M, M
IN, ANGOLA 1.7 WNW, -85.030, 41.652, 1040, M, M, M, M, 0.08, 1.2, M
IN, FISHERS 4.3 ENE, -85.943, 39.967, 817, M, M, M, M, M, M, M
OH, PAULDING 5.6 ESE, -84.492, 41.092, 719, M, M, M, M, 0.07, 1.0, M
IN, COLUMBIA CITY 1.5 NNW, -85.493, 41.179, 873, M, M, M, M, 0.07, 1.0, 6
IN, LIBERTY, -84.930, 39.632, 990, M, M, M, M, 0.05, 0.6, 2
MI, SAGINAW MBS INTL AP, -84.081, 43.528, 662, 14, 6, 10.0, M, 0.22, 3.2, 6
MI, AUBURN 2NE, -84.019, 43.625, 605, 22, 1, 11.5, 4, 0.07, 1.0, 9
MI, DURAND 6.2 WNW, -84.105, 42.930, 820, M, M, M, M, 0.14, 2.0, 8
MI, PINCKNEY 3.4 NW, -84.003, 42.482, 910, M, M, M, M, M, M, M
MI, WILLIAMSTON 4.0 ESE, -84.216, 42.659, 890, M, M, M, M, 0.12, 1.5, 8
MI, MASON 5.8 ENE, -84.338, 42.614, 931, M, M, M, M, 0.06, 0.5, 8
MI, MIDLAND 2.9 SW, -84.268, 43.593, 634, M, M, M, M, 0.07, 1.1, M
MI, SAGINAW 8NW, -84.096, 43.495, 618, M, M, M, M, 0.10, 1.2, 6
MI, MIDLAND 1.5 NNE, -84.217, 43.644, 653, M, M, M, M, 0.07, 1.0, 9
MI, SAGINAW 6.4 W, -84.078, 43.423, 613, M, M, M, M, 0.13, 1.5, 7
MI, CHELSEA 2.4 S, -84.030, 42.281, 980, M, M, M, M, 0.08, M, M
MI, LAINGSBURG 2.1 NNW, -84.368, 42.917, 823, M, M, M, M, 0.12, 1.4, M
