State, Name, StationType, Longitude, Latitude, Elevation, MaxTemperature, MinTemperature, Precipitation, Snowfall, SnowDepth
IL, LAWRENCEVILLE VINCENNES INTL AP, WBAN, -87.599, 38.760, 427, 16, 1, 0.00, M, M
IL, HUTSONVILLE, COOP, -87.666, 39.110, 483, M, M, 0.00, 0.0, 0
IL, CASEY, COOP, -87.975, 39.298, 620, 16, -4, 0.00, 0.0, 3
IL, LAWRENCEVILLE 2WSW, COOP, -87.720, 38.724, 451, 22, 13, 0.00, 0.0, 1
IN, BOONVILLE 1S, COOP, -87.274, 38.030, 400, 18, -0, 0.00, 0.0, T
IN, EVANSVILLE REGIONAL AP, WBAN, -87.515, 38.050, 402, 19, 3, 0.00, 0.0, 1
IN, 1 WSW PRINCETON, COOP, -87.593, 38.352, 450, 15, 2, 0.00, M, M
IN, WASHINGTON 1 W, COOP, -87.199, 38.649, 482, 13, -8, 0.00, 0.0, 1
IN, VINCENNES 4 E, COOP, -87.463, 38.679, 530, M, M, 0.00, 0.0, 1
IN, FARMERSBURG TV-2, COOP, -87.390, 39.243, 548, 14, -0, 0.00, 0.0, 3
IN, VINCENNES 5 NE, COOP, -87.488, 38.739, 452, 17, -1, 0.00, 0.0, 1
IN, SHAKAMAK STATE PARK, COOP, -87.244, 39.161, 549, 15, -9, T, M, 3
IL, ROBINSON, COOP, -87.777, 39.006, 535, 34, 8, 0.00, 0.0, 0
IN, GRAYSVILLE 5 WNW, COOP, -87.640, 39.131, 447, M, M, 0.00, 0.0, 3
IN, WASHINGTON 1.5 NW, CoCoRaHS, -87.190, 38.675, 476, M, M, T, T, 0
IN, FRANCISCO 0.1 SE, CoCoRaHS, -87.447, 38.333, 457, M, M, T, T, 0
IN, PETERSBURG 1.4 ENE, CoCoRaHS, -87.260, 38.502, 561, M, M, 0.00, 0.0, M
IN, POSEYVILLE 2.8 NW, CoCoRaHS, -87.822, 38.197, 453, M, M, 0.00, 0.0, M
IN, BOONVILLE 2.4 N, CoCoRaHS, -87.276, 38.080, 469, M, M, 0.00, 0.0, M
IN, BOONVILLE 1.4 N WBNL RADIO, CoCoRaHS, -87.274, 38.065, 466, M, M, 0.00, 0.0, M
IN, BOONVILLE 4.5 WSW, CoCoRaHS, -87.350, 38.019, 422, M, M, 0.00, 0.0, M
IN, POSEYVILLE 2.9 SSE, CoCoRaHS, -87.754, 38.136, 409, M, M, 0.00, 0.0, M
IN, EVANSVILLE 10.0 NW, CoCoRaHS, -87.687, 38.074, 515, M, M, T, M, M
IL, MOUNT CARMEL 4.2 NW, CoCoRaHS, -87.833, 38.452, 492, M, M, 0.00, 0.0, M
IN, NEW HARMONY 1.5 E, CoCoRaHS, -87.905, 38.125, 398, M, M, 0.00, M, M
IN, HYMERA 0.4 W, CoCoRaHS, -87.306, 39.187, 536, M, M, T, T, 2
IN, SULLIVAN 0.5 SW, CoCoRaHS, -87.416, 39.092, 490, M, M, T, M, M
IN, EVANSVILLE 6.7 NW, CoCoRaHS, -87.623, 38.058, 493, M, M, T, M, M
IN, EVANSVILLE 5.4 NNE, CoCoRaHS, -87.498, 38.054, 406, M, M, 0.00, 0.0, 0
IN, EVANSVILLE 2.5 NE, CoCoRaHS, -87.509, 38.008, -, M, M, M, M, M
IN, PRINCETON 1.3 WSW, CoCoRaHS, -87.593, 38.352, 449, M, M, 0.00, 0.0, M
IL, CHICAGO OHARE INTL AP, WBAN, -87.932, 41.960, 672, 18, 4, 0.00, 0.0, 4
IL, DANVILLE, COOP, -87.648, 40.139, 555, 15, -11, 0.00, 0.0, 1
IL, HOOPESTON, COOP, -87.685, 40.466, 710, 13, -1, T, T, 2
IL, PARIS STP, COOP, -87.667, 39.619, 649, 12, -2, 0.00, 0.0, 3
IL, SIDELL 4N, COOP, -87.823, 39.968, 672, 15, -2, 0.00, 0.0, 2
IL, DANVILLE SEWAGE PLANT, COOP, -87.596, 40.102, 536, M, M, 0.00, 0.0, 1
IL, KANKAKEE WWTP, COOP, -87.886, 41.135, 600, 14, -0, 0.00, 0.0, 5
IL, PEOTONE, COOP, -87.789, 41.334, 718, M, M, 0.02, 0.3, 4
IL, PARK FOREST WATER, COOP, -87.680, 41.495, 710, 13, 1, T, T, 4
IL, CHICAGO PALWAUKEE AP, WBAN, -87.905, 42.121, 629, 18, 5, 0.00, M, M
IL, BOURBONNAIS 3NW, COOP, -87.935, 41.176, 658, M, M, T, T, 2
IL, LITTLE RED SCHOOL HOUSE, COOP, -87.877, 41.709, 719, M, M, T, T, 7
IL, MONEE, COOP, -87.757, 41.425, 797, M, M, T, T, 5
IN, ROCKVILLE, COOP, -87.227, 39.759, 689, 8, -7, 0.00, 0.0, 2
IN, PERRYSVILLE 4 WNW, COOP, -87.507, 40.074, 611, 20, -2, T, T, 2
IN, LOWELL WWTP, COOP, -87.417, 41.264, 665, 13, -1, 0.02, 0.1, 2
IN, MOROCCO 1NW, COOP, -87.478, 40.959, 674, M, M, 0.00, 0.0, 1
IN, FORESMAN RIVER, COOP, -87.307, 40.871, 645, M, M, 0.00, M, M
IN, CROWN POINT 1N, COOP, -87.354, 41.439, 696, M, M, 0.01, 0.1, 3
IN, PENCE 1 SW, COOP, -87.525, 40.352, 700, M, M, 0.00, 0.0, 1
IN, LAKE VILLAGE 7SE, COOP, -87.383, 41.086, 675, M, M, 0.01, 0.2, 2
IL, CHICAGO MIDWAY AP 3SW, COOP, -87.777, 41.737, 620, 20, 5, T, T, 2
IL, CHICAGO MIDWAY AP, WBAN, -87.755, 41.784, 610, 20, 5, T, M, 2
IL, ST ANNE, COOP, -87.714, 41.023, 666, M, M, T, T, 2
IL, OGDEN, COOP, -87.957, 40.110, 675, 12, -1, T, T, 2
IN, TERRE HAUTE HULMAN REGIONAL AP, WBAN, -87.322, 39.443, 567, 14, 0, 0.00, M, M
IL, CHICAGO NORTHERLY ISLAND, COOP, -87.609, 41.856, 583, 21, 7, M, M, M
IL, LANSING 2S, COOP, -87.542, 41.542, 614, M, M, T, T, 3
IL, OAK LAWN 1.6 WNW, CoCoRaHS, -87.778, 41.727, 617, M, M, T, T, 5
IL, ELMHURST 0.8 ESE, CoCoRaHS, -87.930, 41.893, 686, M, M, T, 0.3, 7
IN, WEST TERRE HAUTE 5.0 SW, CoCoRaHS, -87.504, 39.405, 539, M, M, 0.00, 0.0, M
IL, BURR RIDGE 0.5 SE, CoCoRaHS, -87.915, 41.745, 697, M, M, M, M, M
IL, MATTESON 0.9 E, CoCoRaHS, -87.720, 41.511, 706, M, M, 0.02, M, M
IL, HOMER 3.1 SW, CoCoRaHS, -87.996, 39.997, 696, M, M, M, M, M
IN, EARL PARK 5.0 NW, CoCoRaHS, -87.492, 40.734, 733, M, M, 0.00, 0.0, M
IL, CHICAGO WAUKEGAN REGIONAL AP, WBAN, -87.863, 42.425, 710, 18, 5, 0.00, M, M
WI, KENOSHA WWTP, COOP, -87.816, 42.561, 595, 18, 4, 0.00, 0.0, 1
WI, RACINE WWTP, COOP, -87.786, 42.703, 592, 14, 5, T, T, 2
WI, RACINE BATTEN AIRPORT, WBAN, -87.818, 42.759, 668, 19, 6, 0.00, M, M
WI, PLYMOUTH WWTP, COOP, -87.971, 43.730, 828, 12, 4, 0.00, 0.0, 10
WI, SHEBOYGAN COUNTY MEMORIAL AP, WBAN, -87.849, 43.775, 751, 15, 3, 0.00, M, M
WI, KENOSHA REGIONAL AP, WBAN, -87.938, 42.595, 733, 18, 4, 0.00, M, M
WI, MILWAUKEE MITCHELL AIRPORT, WBAN, -87.904, 42.955, 667, 20, 7, 0.00, 0.0, 6
WI, OOSTBURG WWTP, COOP, -87.800, 43.631, 678, 13, 5, 0.00, 0.0, 11
WI, SOUTH MILWAUKEE WWTP, COOP, -87.850, 42.901, 643, 14, -6, 0.00, 0.0, 3
WI, SHEBOYGAN WWTP, COOP, -87.709, 43.718, 603, M, M, 0.00, 0.0, 5
WI, GRAFTON WWTP, COOP, -87.955, 43.308, 730, 14, 4, 0.00, 0.0, 11
WI, BELGIUM WWTP, COOP, -87.855, 43.513, 731, 13, 6, 0.00, 0.0, 11
WI, SAUKVILLE WWTP, COOP, -87.940, 43.375, 759, 12, 2, 0.00, 0.0, 11
IL, LAKE BLUFF 1.3 W, CoCoRaHS, -87.876, 42.282, 705, M, M, T, M, M
IL, BUFFALO GROVE 1.5 N, CoCoRaHS, -87.959, 42.188, 699, M, M, T, T, 6
IL, LAKE FOREST 2.1 NNE, CoCoRaHS, -87.846, 42.266, 712, M, M, 0.00, 0.0, M
WI, KENOSHA 1.7 S, CoCoRaHS, -87.857, 42.560, 652, M, M, 0.00, 0.0, 2
WI, SHOREWOOD 0.6 NW, CoCoRaHS, -87.893, 43.098, 663, M, M, T, T, 4
IL, DANVILLE 0.6 NW, CoCoRaHS, -87.627, 40.150, 663, M, M, 0.00, 0.0, M
IL, BEECHER 3.4 SSE, CoCoRaHS, -87.582, 41.305, 722, M, M, 0.02, M, M
IL, CRETE 2.6 E, CoCoRaHS, -87.566, 41.447, 698, M, M, 0.02, 0.3, 4
IL, MANHATTAN 0.8 ESE, CoCoRaHS, -87.975, 41.421, 699, M, M, 0.00, 0.0, 4
IL, MOKENA 1.3 W, CoCoRaHS, -87.901, 41.531, 715, M, M, S, M, M
IL, NEW LENOX 1.8 SE, CoCoRaHS, -87.960, 41.500, 701, M, M, T, T, M
IL, CRETE 2.6 SSW, CoCoRaHS, -87.630, 41.417, 756, M, M, 0.10A, M, M
IN, COVINGTON 0.4 WNW, CoCoRaHS, -87.398, 40.142, 568, M, M, 0.00, 0.0, M
IN, DE MOTTE 5.9 S, CoCoRaHS, -87.200, 41.115, 679, M, M, 0.02, 0.2, M
IN, DE MOTTE 0.8 NNW, CoCoRaHS, -87.205, 41.210, 650, M, M, 0.01, 0.2, M
IN, DE MOTTE 1.2 SSW, CoCoRaHS, -87.210, 41.184, 666, M, M, 0.03, 0.2, M
IN, DE MOTTE 4.1 SW, CoCoRaHS, -87.264, 41.167, 680, M, M, 0.03, 0.2, M
IN, DYER 1.0 WNW, CoCoRaHS, -87.525, 41.507, 630, M, M, T, T, 4
IN, CROWN POINT 1.1 N, CoCoRaHS, -87.354, 41.439, 712, M, M, 0.01, 0.1, M
IN, ST. JOHN 0.2 WSW, CoCoRaHS, -87.480, 41.446, 700, M, M, T, 0.2, 3
IN, HOBART 1.6 E, CoCoRaHS, -87.236, 41.535, 624, M, M, 0.01, 0.2, M
IN, MOUNT AYR 1.6 NNE, CoCoRaHS, -87.290, 40.973, 676, M, M, T, 0.1, 2
IN, LAKES OF THE FOUR SEASONS 0.5 ESE, CoCoRaHS, -87.213, 41.406, 757, M, M, 0.04, M, M
IN, HEBRON 1.2 NW, CoCoRaHS, -87.215, 41.332, 699, M, M, T, M, M
IN, UNIVERSAL 4.2 SW, CoCoRaHS, -87.508, 39.579, 617, M, M, 0.00, 0.0, M
IL, MANHATTAN 5ENE, COOP, -87.910, 41.459, 748, M, M, 0.00, 0.0, 6
WI, SHEBOYGAN FALLS 0.9 SE, CoCoRaHS, -87.809, 43.722, 679, M, M, 0.00, 0.0, 7
WI, RACINE 2.8 NNE, CoCoRaHS, -87.780, 42.764, 614, M, M, 0.00, 0.0, M
IN, CORYDON, COOP, -86.118, 38.218, 715, M, M, 0.00, M, M
IN, DUBOIS SRN IN FORAGE FARM, COOP, -86.698, 38.456, 690, 15, -6, 0.00, 0.0, T
IN, SHOALS 8 S, COOP, -86.794, 38.553, 477, 18, -2, 0.00, 0.0, 1
IN, MADISON SEWAGE PLANT, COOP, -85.394, 38.737, 460, M, M, 0.05, M, M
IN, WILLIAMS 3 SW, COOP, -86.685, 38.767, 547, M, M, T, T, 2
IN, OOLITIC PURDUE EX FRM, COOP, -86.552, 38.889, 649, 20, -3, T, 0.5, 1
IN, NORTH VERNON 2 ESE, COOP, -85.600, 39.001, 719, 16, -4, 0.00, 0.0, 2
IN, ELLISTON, COOP, -86.937, 39.031, 669, M, M, 0.00, 0.0, 1
IN, BLOOMINGTON MONROE COUNTY AP, WBAN, -86.617, 39.143, 831, 16, -2, 0.00, M, M
IN, BLOOMINGTON INDIANA UNIV, COOP, -86.521, 39.174, 830, 20, -2, 0.01, 0.1, 2
IN, COLUMBUS, COOP, -85.923, 39.166, 609, 24, -3, T, 0.2, 0
IN, SPENCER, COOP, -86.770, 39.284, 549, 17, -1, 0.00, 0.0, M
IL, HOMER 2.0 WSW, CoCoRaHS, -87.995, 40.024, 670, M, M, M, M, M
IL, PARK RIDGE 0.7 WNW, CoCoRaHS, -87.856, 42.017, 632, M, M, M, M, M
IL, PARIS 6.0 SSW, CoCoRaHS, -87.748, 39.541, 725, M, M, M, M, M
IL, NEW LENOX 3.3 E, CoCoRaHS, -87.919, 41.519, 679, M, M, T, T, M
IL, MANHATTAN 1.9 SE, CoCoRaHS, -87.962, 41.407, 671, M, M, 0.00, 0.0, M
IL, ROGERS PARK 1.5 SW, CoCoRaHS, -87.692, 41.996, 595, M, M, T, T, 3
IN, GARY 4.8 ENE, CoCoRaHS, -87.255, 41.617, 612, M, M, 0.07, 1.8, M
IL, WATSEKA 6.9 WNW, CoCoRaHS, -87.860, 40.800, 641, M, M, 0.02, 1.7, 1
IN, SCHERERVILLE 1.1 E, CoCoRaHS, -87.427, 41.489, 645, M, M, M, M, M
IL, ASHKUM 5.6 E, CoCoRaHS, -87.846, 40.878, 620, M, M, T, T, 2
IL, ELMHURST 2.0 SE, CoCoRaHS, -87.921, 41.875, 694, M, M, T, 0.1, M
IL, ROGERS PARK 0.6 ESE, CoCoRaHS, -87.670, 42.004, 591, M, M, 0.00, 0.0, M
IN, SCHERERVILLE 1.4 E, CoCoRaHS, -87.421, 41.485, 657, M, M, M, M, M
IL, HOMER 2.0 NW, CoCoRaHS, -87.984, 40.054, 659, M, M, 0.00, 0.0, M
IL, FLOSSMOOR 1.2 ESE, CoCoRaHS, -87.664, 41.532, 663, M, M, M, M, M
IL, MIDLOTHIAN 0.1 SSE, CoCoRaHS, -87.723, 41.625, 621, M, M, 0.01, M, M
IL, HOMER GLEN 0.7 NNE, CoCoRaHS, -87.933, 41.608, 757, M, M, 0.01, 0.1, 7
IL, HARWOOD HEIGHTS 0.4 NNE, CoCoRaHS, -87.803, 41.972, 648, M, M, 0.01, 0.1, 4
IL, HOOPESTON 0.6 E, CoCoRaHS, -87.660, 40.464, 730, M, M, 0.03, 0.3, M
IN, HAMMOND 0.6 SSW, CoCoRaHS, -87.494, 41.612, 591, M, M, M, M, M
IL, CISSNA PARK 0.6 S, CoCoRaHS, -87.891, 40.558, 662, M, M, 0.00, 0.0, M
IL, CRETE 3.3 ENE FRANKTUARY FARM, CoCoRaHS, -87.554, 41.466, 679, M, M, 0.01, 0.2, 4
IL, CRETE 2.7 W, CoCoRaHS, -87.666, 41.446, 751, M, M, 0.02, M, M
IL, DANVILLE 0.7 NNW, CoCoRaHS, -87.624, 40.154, 647, M, M, M, M, M
IN, RILEY 0.3 NNW, CoCoRaHS, -87.302, 39.394, 563, M, M, 0.00, 0.0, M
IL, CHICAGO HEIGHTS 2.4 NNW, CoCoRaHS, -87.654, 41.543, 643, M, M, 0.01, 0.2, M
IL, ST ANNE 3.2 NNE, CoCoRaHS, -87.703, 41.069, 633, M, M, M, M, M
IL, DANVILLE 4.2 NW, CoCoRaHS, -87.668, 40.193, 696, M, M, 0.00, 0.0, M
KY, LEXINGTON BLUE GRASS ARPT, WBAN, -84.606, 38.041, 980, 16, -1, 0.00, 0.0, 4
KY, SHEPHERDSVILLE 5NE, COOP, -85.624, 38.054, 615, M, M, 0.00, 0.0, 0
KY, FRANKFORT CAPITAL CITY AP, WBAN, -84.904, 38.185, 777, 17, -1, T, M, M
KY, GEORGETOWN WATER WKS, COOP, -84.562, 38.209, 805, M, M, T, M, M
KY, LOUISVILLE MCALPINE, COOP, -85.792, 38.278, 440, 35, 5, 0.00, M, M
KY, WARSAW MARKLAND DAM, COOP, -84.967, 38.774, 451, 26, -13, 0.00, M, M
KY, CINCINNATI/NORTHERN KENTUCKY INTERNATIONAL AIRPORT, WBAN, -84.672, 39.044, 861, 16, 0, 0.01, 0.3, 3
KY, DRY RIDGE 5 NNW, COOP, -84.606, 38.758, 923, M, M, 0.49A, M, M
KY, TAYLORSVILLE LAKE, COOP, -85.309, 38.001, 700, 27, -2, 0.00, 0.0, 2
OH, CINCINNATI MUNICIPAL AP LUNKEN FIELD, WBAN, -84.416, 39.106, 475, 19, 5, M, M, M
OH, HAMILTON BUTLER COUNTY REGIONAL AP, WBAN, -84.521, 39.361, 606, 19, 4, M, M, M
OH, MIAMITOWN, COOP, -84.695, 39.216, 482, M, M, 0.04, M, M
IN, STENDAL, COOP, -87.143, 38.267, 650, 19, -3, 0.00, M, M
KY, LOUISVILLE WFO, COOP, -85.644, 38.115, 632, 17, 2, 0.00, 0.0, 1
OH, FAIRFIELD, COOP, -84.590, 39.348, 575, 25, 1, 0.00, M, M
KY, VERSAILLES 3 NNW, WBAN, -84.746, 38.095, 891, 14, -2, 0.00, M, M
KY, LOUISVILLE BOWMAN FIELD, WBAN, -85.663, 38.230, 540, 18, 2, 0.00, M, M
KY, LOUISVILLE INTL AP, WBAN, -85.731, 38.177, 480, 20, 3, 0.00, 0.0, 2
IN, FRENCH LICK 3N, COOP, -86.613, 38.595, 733, 35, -0, 0.00, 0.0, 0
IN, (WD9HTN)COLUMBUS 2.2 NE, CoCoRaHS, -85.879, 39.229, 807, M, M, M, M, M
IN, MILLTOWN 6.1 SW, CoCoRaHS, -86.349, 38.277, 823, M, M, T, M, M
IN, CELESTINE 0.3 WSW, CoCoRaHS, -86.784, 38.382, 542, M, M, 0.00, 0.0, M
IN, GALENA 3.0 SE, CoCoRaHS, -85.896, 38.323, 831, M, M, 0.00, 0.0, M
IN, EDINBURGH 0.8 ENE, CoCoRaHS, -85.954, 39.356, 673, M, M, M, M, M
KY, BURLINGTON 0.4 SW, CoCoRaHS, -84.728, 39.020, 824, M, M, 0.05, 1.2, 3
KY, EMINENCE 4.0 NW, CoCoRaHS, -85.220, 38.410, 897, M, M, 0.00, 0.0, M
IN, BEDFORD 5 WNW, WBAN, -86.571, 38.888, 760, 16, -2, 0.00, M, M
IN, ELNORA, COOP, -87.092, 38.870, 480, 14, -1, 0.00, 0.0, 1
IN, CLIFTY CREEK, COOP, -85.421, 38.740, 472, M, M, 0.00, M, M
IN, COLUMBUS 0.4 WSW, CoCoRaHS, -85.920, 39.208, 633, M, M, T, M, M
IN, TAYLORSVILLE 0.8 SSW, CoCoRaHS, -85.953, 39.285, 659, M, M, 0.03, 0.5, 2
IN, CHARLESTOWN 2.6 N, CoCoRaHS, -85.668, 38.491, 627, M, M, 0.01, 0.5, 3
IN, JEFFERSONVILLE 0.8 NW, CoCoRaHS, -85.736, 38.310, 485, M, M, T, T, 1
IN, MILLTOWN 3.7 WSW, CoCoRaHS, -86.338, 38.324, 675, M, M, 0.00, 0.0, M
IN, JASONVILLE 4.0 ENE, CoCoRaHS, -87.145, 39.176, 550, M, M, T, T, 1
IN, HUNTINGBURG 0.4 SSW, CoCoRaHS, -86.961, 38.293, 503, M, M, 0.00, 0.0, M
IN, JASPER 5.7 ESE, CoCoRaHS, -86.845, 38.364, 558, M, M, 0.00, 0.0, M
IN, JASPER 8.8 NW, CoCoRaHS, -87.040, 38.490, 505, M, M, 0.00, 0.0, M
IN, AURORA 3.9 W, CoCoRaHS, -84.976, 39.070, 697, M, M, T, T, M
IL, OAK FOREST 0.6 N, CoCoRaHS, -87.751, 41.616, 654, M, M, 0.01, 0.1, 5
IL, BUFFALO GROVE 1.3 ESE, CoCoRaHS, -87.939, 42.161, 661, M, M, 0.00, 0.0, M
IN, ST. JOHN 2.8 SE, CoCoRaHS, -87.444, 41.415, 732, M, M, T, T, 3
IL, NEW LENOX 2.0 ESE, CoCoRaHS, -87.951, 41.504, 716, M, M, T, T, M
IL, HOMER 0.6 NNW, CoCoRaHS, -87.964, 40.039, 672, M, M, 0.00, 0.0, M
IL, BULT FIELD-MONEE 4.9 SE, CoCoRaHS, -87.680, 41.377, 777, M, M, 0.02, 0.2, 6
IN, TERRE HAUTE 6.5 N, CoCoRaHS, -87.365, 39.564, 518, M, M, 0.05, 0.8, M
IN, PORTAGE 2.4 NNW, CoCoRaHS, -87.196, 41.619, 617, M, M, 0.05, 2.5, 6
IN, TERRE HAUTE 6.1 ESE, CoCoRaHS, -87.273, 39.448, 590, M, M, 0.00, M, M
IL, MORTON GROVE 1.2 WNW, CoCoRaHS, -87.810, 42.051, 657, M, M, 0.01, M, M
IL, EVANSTON 0.8 ESE, CoCoRaHS, -87.679, 42.043, 608, M, M, T, T, 2
IN, LOWELL 3.1 NNW, CoCoRaHS, -87.437, 41.336, 724, M, M, M, 0.7, M
IL, CHICAGO 6.8 NW, CoCoRaHS, -87.704, 41.963, 596, M, M, T, M, M
IL, NEW LENOX 2.1 S, CoCoRaHS, -87.991, 41.489, 685, M, M, 0.00, 0.0, M
IN, TERRE HAUTE 2.4 E, CoCoRaHS, -87.338, 39.467, 562, M, M, T, M, M
IL, FRANKFORT 1.3 ESE, CoCoRaHS, -87.811, 41.493, 706, M, M, 0.00, 0.0, M
IL, ARLINGTON HEIGHTS 0.8 NNW, CoCoRaHS, -87.990, 42.105, 717, M, M, 0.00, 0.0, M
IL, LOMBARD 1.2 E, CoCoRaHS, -87.991, 41.873, 723, M, M, 0.00, 0.0, M
IL, PARK FOREST 0.7 WNW, CoCoRaHS, -87.700, 41.486, 720, M, M, M, M, M
IN, HOBART 1.1 S, CoCoRaHS, -87.267, 41.516, -, M, M, 0.02, M, M
IL, FRANKLIN PARK 0.5 SSE, CoCoRaHS, -87.874, 41.929, 638, M, M, T, T, 6
IL, DANVILLE 3.1 NNW, CoCoRaHS, -87.650, 40.182, 648, M, M, 0.00, 0.0, M
IL, BURR RIDGE 1.0 ENE, CoCoRaHS, -87.904, 41.759, 682, M, M, T, M, M
IL, MILFORD 3.5 ENE, CoCoRaHS, -87.640, 40.656, 689, M, M, T, T, 2
IL, GEORGETOWN 0.5 NNW, CoCoRaHS, -87.640, 39.983, 673, M, M, 0.00, 0.0, M
IL, VILLA PARK 0.8 ESE, CoCoRaHS, -87.964, 41.880, 676, M, M, T, T, 7
IL, EVERGREEN PARK 0.4 WNW, CoCoRaHS, -87.708, 41.723, 622, M, M, 1.09A, M, M
IN, HOBART 2.4 SE, CoCoRaHS, -87.230, 41.512, 631, M, M, 0.02, 0.5, 4
IL, EVANSTON 1.2 S, CoCoRaHS, -87.693, 42.029, 608, M, M, 0.01, M, M
IL, KANKAKEE 1.2 WNW, CoCoRaHS, -87.883, 41.120, 629, M, M, 0.01, M, M
IL, FITHIAN 0.6 NNW, CoCoRaHS, -87.880, 40.121, 668, M, M, 0.00, 0.0, M
IL, KANKAKEE 1.4 WSW, CoCoRaHS, -87.886, 41.109, 631, M, M, 0.01, 0.2, 5
IN, GARY 6.2 ENE, CoCoRaHS, -87.226, 41.615, 619, M, M, 0.32, M, 6
IL, NEWMAN 0.3 SE, CoCoRaHS, -87.983, 39.794, 646, M, M, T, T, 3
IL, CHICAGO 5.5 NNW, CoCoRaHS, -87.682, 41.950, 598, M, M, 0.00, 0.0, M
IL, MOUNT PROSPECT 0.2 NNE, CoCoRaHS, -87.936, 42.068, 664, M, M, 0.09A, M, 7
IL, MOKENA 2.1 SW, CoCoRaHS, -87.901, 41.509, 708, M, M, 0.02, M, M
IL, NEW LENOX 2.8 SE, CoCoRaHS, -87.949, 41.487, 713, M, M, T, M, M
IL, DANVILLE 2.5 E, CoCoRaHS, -87.573, 40.137, 645, M, M, T, M, 2
IL, BUCKLEY 4.0 ENE, CoCoRaHS, -87.964, 40.615, 669, M, M, 0.00, 0.0, M
IL, MARSHALL 0.4 W, CoCoRaHS, -87.698, 39.397, -, M, M, 0.00, 0.0, M
IL, FITHIAN 2.6 ESE, CoCoRaHS, -87.830, 40.099, 647, M, M, 0.00, 0.0, M
IL, COLLISON 2.0 SE, CoCoRaHS, -87.777, 40.206, 674, M, M, 0.00, 0.0, M
IL, MARTINTON 4.0 WNW, CoCoRaHS, -87.791, 40.948, 622, M, M, 0.00, 0.0, M
IL, KANKAKEE 4.9 NW, CoCoRaHS, -87.939, 41.156, 596, M, M, 0.01, M, M
IL, CHICAGO 3.6 NNW, CoCoRaHS, -87.657, 41.930, 599, M, M, 0.00, 0.0, M
IL, ALSIP 0.9 E, CoCoRaHS, -87.718, 41.673, 597, M, M, 0.00, 0.0, M
IN, NEWPORT 0.4 WSW, CoCoRaHS, -87.412, 39.882, 603, M, M, 0.00, 0.0, M
IN, PLAINVILLE 1.3 S, CoCoRaHS, -87.155, 38.785, 552, M, M, T, T, 0
IN, GALENA 4.3 ENE, CoCoRaHS, -85.870, 38.380, 935, M, M, 0.00, 0.0, 3
IN, MILLTOWN 5.7 SSE, CoCoRaHS, -86.254, 38.263, 636, M, M, T, T, 2
IN, NEW SALISBURY 1.2 WNW, CoCoRaHS, -86.117, 38.318, 724, M, M, T, M, M
IN, HANOVER 1.4 S, CoCoRaHS, -85.473, 38.696, 761, M, M, 0.02, 0.3, 4
IN, MITCHELL 4.1 E, CoCoRaHS, -86.401, 38.725, 666, M, M, T, 0.2, 2
IN, BEDFORD 6.5 SE, CoCoRaHS, -86.407, 38.793, 705, M, M, T, M, M
IN, BEDFORD 8.6 NNW, CoCoRaHS, -86.562, 38.972, 713, M, M, 0.00, 0.0, M
IN, BEDFORD 3.7 N, CoCoRaHS, -86.478, 38.914, 636, M, M, T, T, 2
IN, GOSPORT 4.2 E, CoCoRaHS, -86.587, 39.351, 722, M, M, 0.00, 0.0, M
IN, ELLETTSVILLE 2.7 NE, CoCoRaHS, -86.594, 39.262, 765, M, M, T, T, M
IN, SHOALS 4.0 E, CoCoRaHS, -86.718, 38.661, 745, M, M, 0.00, 0.0, 2
IN, AURORA 3.6 SSE, CoCoRaHS, -84.887, 39.015, 735, M, M, T, T, M
IN, ORLEANS 4.4 ENE, CoCoRaHS, -86.374, 38.678, 712, M, M, S, M, M
IN, GOSPORT 4.0 WSW, CoCoRaHS, -86.730, 39.320, 581, M, M, 0.00, 0.0, M
IN, SPENCER 7.0 S, CoCoRaHS, -86.778, 39.186, 774, M, M, T, T, 2
IN, FREDERICKSBURG 3.6 NNE, CoCoRaHS, -86.174, 38.484, 771, M, M, 0.00, 0.0, M
IN, SALEM 0.5 NE, CoCoRaHS, -86.094, 38.612, 787, M, M, M, M, M
IN, NEW SALEM 1.4 SSE, CoCoRaHS, -85.894, 38.602, 971, M, M, 0.00, 0.0, 2
WI, MILWAUKEE 3.6 NNW, CoCoRaHS, -87.987, 43.113, 676, M, M, 0.00, 0.0, 14
WI, RACINE 2.3 WSW, CoCoRaHS, -87.846, 42.711, 717, M, M, 0.00, 0.0, 6
IL, HIGHWOOD 0.9 S, CoCoRaHS, -87.814, 42.198, 689, M, M, 0.00, 0.0, 2
WI, GREENDALE 1.0 ENE, CoCoRaHS, -87.982, 42.941, 802, M, M, 0.00, 0.0, M
WI, ELKHART LAKE 6.8 NE, CoCoRaHS, -87.913, 43.899, 901, M, M, 0.00, 0.0, M
WI, RANDOM LAKE 0.5 SSE, CoCoRaHS, -87.951, 43.548, 892, M, M, 0.00, 0.0, 14
WI, SHEBOYGAN 3.2 NW, CoCoRaHS, -87.766, 43.785, 680, M, M, 0.00, 0.0, 9
WI, RACINE 3.0 WNW, CoCoRaHS, -87.863, 42.741, 710, M, M, M, M, M
WI, PORT WASHINGTON 4.2 NE, CoCoRaHS, -87.825, 43.439, 693, M, M, S, M, M
IL, LIBERTYVILLE 1.8 ESE, CoCoRaHS, -87.933, 42.274, 668, M, M, M, M, M
WI, PORT WASHINGTON 0.5 S, CoCoRaHS, -87.879, 43.386, 659, M, M, 0.00, 0.0, M
WI, BROWN DEER 0.8 NW, CoCoRaHS, -87.984, 43.184, 679, M, M, 0.00, 0.0, 8
WI, WAUWATOSA 1.9 E, CoCoRaHS, -87.996, 43.059, 715, M, M, 0.00, 0.0, M
WI, PLYMOUTH 5.4 NE, CoCoRaHS, -87.911, 43.812, 849, M, M, 0.00, 0.0, 12
WI, PLEASANT PRAIRIE 2.1 E, CoCoRaHS, -87.841, 42.523, 650, M, M, M, M, M
WI, RACINE 2.4 S, CoCoRaHS, -87.812, 42.694, 635, M, M, T, M, M
WI, SHEBOYGAN 0.7 SSW, CoCoRaHS, -87.735, 43.736, 695, M, M, 0.00, 0.0, 9
WI, ELMWOOD PARK 1.8 SW, CoCoRaHS, -87.849, 42.675, 692, M, M, M, M, M
WI, SHEBOYGAN 1.7 NNE, CoCoRaHS, -87.712, 43.766, 630, M, M, 0.00, 0.0, M
WI, PLEASANT PRAIRIE 3.3 NW, CoCoRaHS, -87.925, 42.559, 713, M, M, M, M, M
WI, RACINE 1.4 NNW, CoCoRaHS, -87.817, 42.747, 656, M, M, T, T, 2
WI, SAUKVILLE 0.9 SSW, CoCoRaHS, -87.950, 43.373, 767, M, M, 0.00, 0.0, M
WI, KENOSHA 3.8 WSW, CoCoRaHS, -87.926, 42.569, 732, M, M, T, T, M
WI, KENOSHA 1.5 S, CoCoRaHS, -87.850, 42.563, 627, M, M, M, M, M
WI, RACINE 5.9 N, CoCoRaHS, -87.815, 42.813, 652, M, M, T, T, M
WI, SHEBOYGAN 3.3 SSW, CoCoRaHS, -87.746, 43.699, 673, M, M, 0.00, 0.0, M
IL, WADSWORTH 1.4 S, CoCoRaHS, -87.919, 42.418, 724, M, M, T, T, M
IL, LIBERTYVILLE 0.4 ESE, CoCoRaHS, -87.959, 42.282, 709, M, M, 0.00, 0.0, M
WI, KENOSHA 3.1 SSE, CoCoRaHS, -87.842, 42.541, 634, M, M, T, M, M
WI, ELMWOOD PARK 1.7 SSE, CoCoRaHS, -87.806, 42.671, 623, M, M, M, M, M
WI, SHEBOYGAN 3.7 NW, CoCoRaHS, -87.788, 43.780, 678, M, M, 0.00, 0.0, M
WI, PLEASANT PRAIRIE 1.4 ESE, CoCoRaHS, -87.858, 42.515, 717, M, M, 0.00, 0.0, M
WI, CEDARBURG 1.2 SSW, CoCoRaHS, -87.995, 43.280, 782, M, M, S, M, M
WI, GREENDALE 1.0 NNE, CoCoRaHS, -87.991, 42.948, 805, M, M, M, M, M
WI, RACINE 5.2 N, CoCoRaHS, -87.808, 42.804, 622, M, M, M, M, M
WI, ST FRANCIS 0.3 E, CoCoRaHS, -87.867, 42.971, 691, M, M, 0.00, 0.0, M
WI, SHEBOYGAN FALLS 2.2 N, CoCoRaHS, -87.818, 43.761, 737, M, M, 0.00, 0.0, M
WI, KENOSHA 2.5 S, CoCoRaHS, -87.858, 42.548, 662, M, M, M, M, M
IL, GURNEE 2.1 ESE, CoCoRaHS, -87.900, 42.364, 686, M, M, 0.00, 0.0, M
WI, RACINE 2.6 WNW, CoCoRaHS, -87.851, 42.746, 744, M, M, T, M, M
IL, LAKE FOREST 2.0 WSW, CoCoRaHS, -87.891, 42.220, 677, M, M, 0.00, 0.0, M
WI, BAYSIDE 0.5 E, CoCoRaHS, -87.892, 43.183, 687, M, M, 0.00A, M, M
WI, CUDAHY 1.2 SW, CoCoRaHS, -87.879, 42.932, 737, M, M, 0.00, 0.0, M
KY, FOX CHASE 1.4 W, CoCoRaHS, -85.715, 38.045, 499, M, M, 0.01, T, 1
KY, FRANKFORT 3.3 NE, CoCoRaHS, -84.818, 38.221, 735, M, M, 0.03, 0.5, 4
KY, FRANKFORT 8.0 NNE, CoCoRaHS, -84.830, 38.303, 499, M, M, M, M, M
KY, LEXINGTON 3.7 WSW, CoCoRaHS, -84.519, 38.016, 1004, M, M, 0.04, 1.0, M
KY, LEXINGTON 1.7 SSE, CoCoRaHS, -84.495, 38.025, 1010, M, M, 0.29A, M, 6
KY, PLEASUREVILLE 2.3 NE, CoCoRaHS, -85.082, 38.376, 863, M, M, 0.00, 0.0, M
KY, ANCHORAGE 2.8 NE, CoCoRaHS, -85.505, 38.296, 758, M, M, T, 0.1, 2
KY, OLD BROWNSBORO PLACE 0.3 SW, CoCoRaHS, -85.614, 38.286, 615, M, M, T, T, 2
KY, PLEASURE RIDGE PARK 0.6 NNW, CoCoRaHS, -85.857, 38.162, 459, M, M, 0.06A, M, T
KY, PARK LAKE 1.8 NE, CoCoRaHS, -85.448, 38.362, 807, M, M, 0.01, M, M
KY, LA GRANGE 3.9 SW, CoCoRaHS, -85.421, 38.358, 707, M, M, 0.02, 0.2, 2
KY, LA GRANGE 2.2 NNE, CoCoRaHS, -85.357, 38.429, 830, M, M, 0.02, M, M
KY, GEORGETOWN 1.7 N, CoCoRaHS, -84.551, 38.227, 817, M, M, 0.04, 0.5, 3
KY, GEORGETOWN 7.2 ENE, CoCoRaHS, -84.431, 38.234, 947, M, M, M, M, M
KY, SHELBYVILLE 7.6 NNW, CoCoRaHS, -85.304, 38.312, 786, M, M, M, M, M
KY, BEDFORD 4.2 NNW, CoCoRaHS, -85.355, 38.645, 876, M, M, 0.09, 0.5, 4
KY, MILTON 1.7 W, CoCoRaHS, -85.403, 38.724, 868, M, M, 0.06, M, M
OH, WYOMING 1.2 NW, CoCoRaHS, -84.499, 39.241, 801, M, M, 0.08, 1.5, 4
OH, CINCINNATI 8.9 NW, CoCoRaHS, -84.579, 39.250, 829, M, M, 0.08, 1.5, 2
IN, CLAY CITY 0.4 SE, CoCoRaHS, -87.107, 39.273, 610, M, M, T, T, 2
IN, BATESVILLE 0.4 SSW, CoCoRaHS, -85.221, 39.293, 976, M, M, M, M, M
OH, COVEDALE 1.5 SSE, CoCoRaHS, -84.625, 39.105, 845, M, M, 0.05, M, M
IN, WASHINGTON 3.3 SE, CoCoRaHS, -87.136, 38.621, 489, M, M, T, T, M
IN, LEOPOLD 1.7 ESE, CoCoRaHS, -86.556, 38.092, 759, M, M, 0.01, 0.2, 1
IN, (KB9CIY)GREENSBURG 6.0 SW, CoCoRaHS, -85.572, 39.291, 878, M, M, 0.01, M, 2
IN, (WD8NMZ)BRIGHT 3.5 NNW, CoCoRaHS, -84.888, 39.247, 925, M, M, 0.15A, M, 2
KY, WALTON 2.5 NW, CoCoRaHS, -84.644, 38.895, 844, M, M, M, M, M
IN, (KA9OOO)BRIGHT 2.4 N, CoCoRaHS, -84.862, 39.237, 928, M, M, M, M, M
KY, MIDDLETOWN 4.9 ENE, CoCoRaHS, -85.437, 38.271, 730, M, M, T, T, 1
IN, BIG OAKS INDIANA, RAWS, -85.362, 38.925, 900, 17, -2, M, M, M
IN, HARDIN RIDGE INDIANA, RAWS, -86.423, 39.000, 750, 22, -1, M, M, M
IN, TIPSAW LAKE INDIANA, RAWS, -86.625, 38.125, 718, 19, -3, M, M, M
KY, CRITTENDEN KENTUCKY, RAWS, -84.602, 38.769, 935, 20, -1, M, M, M
KY, LEXINGTON 4.3 W, CoCoRaHS, -84.537, 38.052, 957, M, M, M, M, M
IN, ENGLISH 7.9 SSW, CoCoRaHS, -86.531, 38.232, 498, M, M, M, M, M
IN, NASHVILLE 6.6 WNW, CoCoRaHS, -86.356, 39.228, 908, M, M, 0.00, 0.0, 2
IN, COLUMBUS 1.9 NNE, CoCoRaHS, -85.899, 39.235, 643, M, M, 0.00, 0.0, M
IN, BATESVILLE 0.5 NNE, CoCoRaHS, -85.215, 39.304, 973, M, M, 0.05, 0.6, 2
KY, LOUISVILLE 11.0 ENE (SPRINGHURST), CoCoRaHS, -85.567, 38.302, 674, M, M, 0.02, M, M
KY, GLENCOE 6 NW, COOP, -84.895, 38.780, 490, 25, 1, 0.06, 0.6, 3
KY, FRANKFORT 3NE, COOP, -84.834, 38.220, 765, M, M, 0.03, 0.5, 4
KY, NEW CASTLE 4NE, COOP, -85.117, 38.471, 805, M, M, 0.00, 0.0, 0
KY, ARK ENCOUNTER, COOP, -84.589, 38.618, 1003, M, M, 0.04, 0.4, 3
IN, NAPOLEON 1 SE, COOP, -85.315, 39.198, 993, M, M, T, T, 2
KY, COVINGTON 1.3 SSE, CoCoRaHS, -84.502, 39.066, 531, M, M, T, T, M
IN, (KC9RPX)ELLETTSVILLE 0.5 W, CoCoRaHS, -86.631, 39.232, 781, M, M, 0.00, 0.0, 2
IN, NORTH VERNON 7.8 W, CoCoRaHS, -85.776, 38.999, 603, M, M, 0.01, 0.2, 2
IN, CAMPBELLSBURG 8.4 NNE, CoCoRaHS, -86.184, 38.757, 589, M, M, 0.05, 0.5, 3
IN, PATOKA LAKE, COOP, -86.703, 38.435, 561, 21, -1, 0.00, 0.0, 1
OH, CHEVIOT 3 W, COOP, -84.677, 39.151, 853, 24, 2, 0.05, 1.2, 3
IN, (W9DBA)MORGANTOWN 6.7 SSE, CoCoRaHS, -86.231, 39.279, 764, M, M, 0.01, T, 2
IN, SPRINGVILLE 6.0 W, CoCoRaHS, -86.730, 38.938, 739, M, M, 0.02, M, M
KY, RABBIT HASH 2 NE, COOP, -84.826, 38.963, 514, M, M, S, M, M
KY, LEXINGTON 4.7 E, CoCoRaHS, -84.416, 38.047, 947, M, M, M, M, M
OH, HARRISON 2.5 NNE, CoCoRaHS, -84.774, 39.283, 802, M, M, 0.02, 0.3, M
IN, HENRYVILLE 2.6 E, CoCoRaHS, -85.720, 38.538, 619, M, M, 0.00, 0.0, M
KY, FLORENCE 3.2 SSE, CoCoRaHS, -84.629, 38.946, 906, M, M, 0.17, 3.5, 2
KY, BEDFORD 4.7 N, CoCoRaHS, -85.323, 38.661, 903, M, M, 0.00, 0.0, M
KY, SADIEVILLE 3.8 NW, CoCoRaHS, -84.585, 38.431, 949, M, M, 0.04, 1.0, M
KY, HIGHLAND HEIGHTS 1.2 SSW, CoCoRaHS, -84.466, 39.022, 822, M, M, T, M, M
IL, BRIDGEVIEW 1.3 NNW, CoCoRaHS, -87.817, 41.755, 617, M, M, 0.00, 0.0, 6
IL, CHICAGO 5.5 ESE, CoCoRaHS, -87.590, 41.801, 600, M, M, 0.00, 0.0, M
IL, MOUNT PROSPECT 3.0 NE, CoCoRaHS, -87.897, 42.096, 653, M, M, T, 0.2, 4
IL, PALOS PARK 1.3 SW, CoCoRaHS, -87.863, 41.653, 702, M, M, T, T, 7
IL, ELK GROVE VILLAGE 0.6 ESE, CoCoRaHS, -87.981, 42.004, 699, M, M, T, T, M
IL, HOMEWOOD 0.1 ESE, CoCoRaHS, -87.659, 41.558, 643, M, M, 0.01, 0.2, 4
IL, OAK PARK 1.3 NNE, CoCoRaHS, -87.782, 41.906, 633, M, M, 0.01, 0.1, M
IL, LINCOLNWOOD 1.8 E, CoCoRaHS, -87.698, 42.002, 604, M, M, T, T, 4
IL, LA GRANGE PARK 0.7 SSW, CoCoRaHS, -87.876, 41.823, 659, M, M, T, T, M
IL, OAK LAWN 1.1 N, CoCoRaHS, -87.756, 41.730, 627, M, M, 0.12A, M, M
IL, OAK LAWN 1.9 SE, CoCoRaHS, -87.729, 41.694, 598, M, M, T, M, M
IL, OAK LAWN 0.5 SSW, CoCoRaHS, -87.754, 41.708, 597, M, M, T, T, 4
IL, CHICAGO RIDGE 0.2 WSW, CoCoRaHS, -87.782, 41.702, 596, M, M, T, T, 6
IL, PALOS PARK 3.6 WNW, CoCoRaHS, -87.911, 41.677, 714, M, M, 0.01, 0.1, 9
IL, HOMER 2.0 N, CoCoRaHS, -87.964, 40.061, 659, M, M, 0.00, 0.0, M
IL, BROADLANDS 0.1 SSW, CoCoRaHS, -87.996, 39.907, 682, M, M, 0.04, 1.3, 2
IL, HOMER 2.1 NNE, CoCoRaHS, -87.951, 40.061, 661, M, M, 0.00, 0.0, M
IL, ELMHURST 0.4 SW, CoCoRaHS, -87.948, 41.893, 709, M, M, M, M, M
IL, BURR RIDGE 1.9 SW, CoCoRaHS, -87.949, 41.732, 724, M, M, T, T, 9
IL, VILLA PARK 1.0 NW, CoCoRaHS, -87.990, 41.897, 722, M, M, T, M, M
IL, RIVERWOODS 0.4 ENE, CoCoRaHS, -87.888, 42.173, 692, M, M, T, T, 6
IL, HENNING 3.4 SSE, CoCoRaHS, -87.666, 40.265, 682, M, M, 0.00, 0.0, 0
IN, INDIANAPOLIS EAGLE CREEK AP, WBAN, -86.296, 39.825, 812, 16, 2, T, M, M
IN, RICHMOND WATER WORKS, COOP, -84.878, 39.854, 1005, 13, -3, 0.00, 0.0, 2
IN, NEW CASTLE 3 SW, COOP, -85.395, 39.894, 991, 21, -1, 0.09, 1.8, 3
IN, JAMESTOWN 2 E, COOP, -86.598, 39.924, 962, 13, -2, 0.01, 0.1, 2
IN, WHITESTOWN, COOP, -86.354, 39.996, 941, 13, -2, 0.00, 0.0, 2
IN, ANDERSON 1 N, COOP, -85.681, 40.117, 843, 18, -1, 0.00, 0.0, 1
IN, FARMLAND 5 NNW, COOP, -85.148, 40.254, 965, 22, -1, T, T, 2
IN, MUNCIE, COOP, -85.350, 40.183, 966, M, M, 0.02, 0.5, 3
IN, TIPTON 5 SW, COOP, -86.109, 40.223, 890, 22, -1, T, 0.1, 3
IN, FRANKFORT DISPOSAL, COOP, -86.507, 40.299, 824, 13, -2, 0.01, 0.4, 3
IN, LAFAYETTE 8 S, COOP, -86.903, 40.296, 732, 11, -3, T, T, 3
IN, KOKOMO 3 WSW, COOP, -86.176, 40.458, 822, 16, -0, 0.03, 0.6, 2
IN, W LAFAYETTE SEW PLANT, COOP, -86.906, 40.417, 531, M, M, 0.03, 1.0, 3
IN, LAFAYETTE PURDUE UNIVERSITY AP, WBAN, -86.947, 40.412, 596, 13, -2, T, M, M
IN, WEST LAFAYETTE 6 NW, COOP, -86.992, 40.475, 708, 12, -1, 0.01, T, 1
IN, MARION 2 N, COOP, -85.659, 40.580, 790, 21, -0, 0.03, 0.2, 3
IN, YOUNG AMERICA, COOP, -86.342, 40.562, 775, 12, -1, 0.03, 1.5, 5
IN, BERNE WWTP, COOP, -84.930, 40.668, 839, 19, 2, 0.05, 0.5, 3
IN, WABASH, COOP, -85.826, 40.792, 665, 18, 4, 0.00, 0.0, 0
IN, PERU, COOP, -86.074, 40.765, 660, M, M, T, T, 3
IN, LOGANSPORT CICOTT ST., COOP, -86.388, 40.748, 600, 18, 2, 0.03, 0.3, 1
IN, DECATUR 1 N, COOP, -84.930, 40.848, 785, 22, 4, T, T, 2
IN, HUNTINGTON, COOP, -85.499, 40.856, 731, 20, -2, 0.03, 0.1, 4
IN, RENSSELAER WWTP, COOP, -87.175, 40.924, 658, 11, -1, 0.01, 0.1, 2
IN, NORTH MANCHESTER WWTP, COOP, -85.775, 40.994, 760, 20, -5, 0.00, 0.0, 3
IN, WINAMAC 2SSE, COOP, -86.587, 41.027, 690, 14, -2, 0.02, 0.4, 1
IN, ROCHESTER, COOP, -86.210, 41.067, 760, 20, 1, 0.00, 0.0, 1
IN, COLUMBIA CITY, COOP, -85.490, 41.145, 834, 19, -4, 0.00, 0.0, 2
IN, WARSAW, COOP, -85.868, 41.263, 815, 23, -0, 0.25, 0.4, 3
IN, KNOX WWTP, COOP, -86.628, 41.305, 690, 14, -2, 0.08, 1.0, 5
IN, GARRETT, COOP, -85.129, 41.342, 880, 23, 6, 0.04, 1.5, 5
IN, WANATAH 2 WNW, COOP, -86.929, 41.444, 735, 26, -1, 0.03, 2.2, 10
IN, VALPARAISO PORTER COUNTY MUNICIPAL AP, WBAN, -86.998, 41.454, 768, 22, 0, T, M, M
IN, GOSHEN MUNICIPAL AP, WBAN, -85.787, 41.527, 824, 22, -5, T, M, M
IN, LAKEVILLE, COOP, -86.269, 41.527, 841, 26, -2, 0.04, 2.5, 10
IN, GOSHEN 3SW, COOP, -85.882, 41.558, 875, 23, -3, 0.04, 2.5, 9
IN, ANGOLA, COOP, -85.018, 41.664, 1020, 19, -2, 0.06, 1.2, 9
IN, LAPORTE, COOP, -86.730, 41.612, 809, 22, 1, 0.17, 5.5, 18
IN, ELKHART PUBLIC WORKS & UT, COOP, -86.002, 41.678, 750, M, M, 0.00, 0.0, 7
IN, SOUTH BEND AP, WBAN, -86.316, 41.707, 772, 24, -1, 0.07, 0.8, 10
IN, CRAWFORDSVILLE 6 SE, COOP, -86.801, 40.003, 836, 16, -3, 0.02, 0.4, 4
IN, PLYMOUTH, COOP, -86.336, 41.339, 815, 19, 1, 0.04, 2.1, 6
IN, WARSAW 5SW, COOP, -85.919, 41.172, 850, M, M, 0.03, 0.4, 5
IN, GARRETT 1 S, COOP, -85.120, 41.337, 870, 19, -1, T, T, 5
IN, INDIANA DUNES NATIONAL PARK, COOP, -87.088, 41.632, 683, 15, 1, 0.39A, 4.2, 6
IN, CHALMERS 5 W, COOP, -86.955, 40.665, 720, 13, -1, T, T, 3
IN, SOUTH BEND WWTP, COOP, -86.269, 41.720, 670, M, M, 0.10, M, M
IN, FRANCESVILLE, COOP, -86.881, 40.989, 676, 11, 3, T, 0.5, 1
IN, NEW CARLISLE, COOP, -86.503, 41.706, 760, M, M, 0.28, 11.2, 13
IN, NORTH JUDSON 3 S, COOP, -86.757, 41.173, 700, M, M, 0.08, 0.5, 3
IN, CASTLETON 2 S, COOP, -86.051, 39.880, 824, 16, -1, T, T, 2
IN, FRANKLIN WWTP, COOP, -86.041, 39.468, 720, 22, -0, T, 0.0, 2
IN, NORTHERN INDIANA WFO, COOP, -85.700, 41.359, 951, 22, -2, T, 0.1, 6
IN, (KB9CRA)GAS CITY 0.3 N, CoCoRaHS, -85.606, 40.494, 852, M, M, M, M, M
IN, NEW PALESTINE 1.2 NW, CoCoRaHS, -85.909, 39.732, 823, M, M, 0.00, 0.0, M
IN, GREENWOOD 4.6 SW, CoCoRaHS, -86.175, 39.568, 774, M, M, T, M, M
IN, NORTH WEBSTER 2.3 N, CoCoRaHS, -85.701, 41.359, 955, M, M, 0.02, 1.2, 6
IN, MILFORD 0.9 N, CoCoRaHS, -85.847, 41.424, 837, M, M, 0.05, 1.8, M
IN, KENDALLVILLE 4.5 NW, CoCoRaHS, -85.307, 41.497, 973, M, M, T, T, M
IN, VALPARAISO 1.0 NE, CoCoRaHS, -87.036, 41.487, 819, M, M, M, M, M
IN, AVILLA 3SW, COOP, -85.296, 41.353, 990, M, M, 0.00, 0.0, 3
IN, FORT WAYNE 4.1 NE, CoCoRaHS, -85.089, 41.121, 814, M, M, T, 0.1, 3
KY, LAWRENCEBURG 0.4 NNW, CoCoRaHS, -84.898, 38.040, 786, M, M, M, M, M
KY, LEXINGTON 6.0 SE, CoCoRaHS, -84.404, 38.006, 1053, M, M, M, M, M
IN, FREDERICKSBURG 2.8 NE, CoCoRaHS, -86.148, 38.457, 735, M, M, 0.00, 0.0, M
OH, COVEDALE 2.9 SE, CoCoRaHS, -84.602, 39.095, 891, M, M, M, M, M
KY, FRANKFORT 0.5 S, CoCoRaHS, -84.878, 38.193, 506, M, M, 0.02, M, M
IN, BIRDSEYE 1.6 W, CoCoRaHS, -86.725, 38.315, 706, M, M, 0.01, M, M
OH, FAIRFAX 0.5 NE, CoCoRaHS, -84.390, 39.148, 533, M, M, 0.00, 0.0, M
IN, NEW ALBANY 4.6 NE, CoCoRaHS, -85.767, 38.353, 485, M, M, 0.00, 0.0, M
OH, DEER PARK 0.5 WNW, CoCoRaHS, -84.405, 39.206, 845, M, M, M, M, M
KY, CRESTWOOD 5.2 E, CoCoRaHS, -85.377, 38.322, 721, M, M, M, M, M
OH, SHERWOOD 1.2 W, CoCoRaHS, -84.384, 39.084, 747, M, M, T, T, M
OH, MACK SOUTH 0.4 N, CoCoRaHS, -84.673, 39.148, 868, M, M, 0.06, 0.5, M
KY, WESTPORT 1.4 NNE, CoCoRaHS, -85.470, 38.498, 442, M, M, M, M, M
OH, WYOMING 0.5 WNW, CoCoRaHS, -84.491, 39.232, 796, M, M, 0.00, 0.0, M
KY, LOUISVILLE 6.0 E, CoCoRaHS, -85.648, 38.262, 545, M, M, 0.00, 0.0, M
IN, (KD9LES) GOSPORT 1.2 WNW, CoCoRaHS, -86.686, 39.356, -, M, M, 0.00, 0.0, M
IN, SUNMAN 0.9 ENE, CoCoRaHS, -85.081, 39.239, 1015, M, M, 0.07, 0.9, M
IN, BATESVILLE 1.0 WNW, CoCoRaHS, -85.236, 39.302, 961, M, M, M, M, M
OH, OKEANA 1.7 SSE, CoCoRaHS, -84.757, 39.325, 652, M, M, 0.04, T, M
IN, SCOTTSBURG 2.9 SSW, CoCoRaHS, -85.799, 38.646, 623, M, M, 0.00, 0.0, M
IN, SEYMOUR 0.6 SSW, CoCoRaHS, -85.890, 38.950, 599, M, M, 0.02, 0.3, 3
KY, LAWRENCEBURG 9.0 WNW, CoCoRaHS, -85.035, 38.103, 800, M, M, M, M, M
OH, SILVERTON 0.2 NE, CoCoRaHS, -84.398, 39.191, 824, M, M, M, 1.0, M
IN, BLOOMINGTON 4.3 NW, CoCoRaHS, -86.577, 39.211, 880, M, M, T, M, 2
KY, MOUNT WASHINGTON 2.4 W, CoCoRaHS, -85.594, 38.046, 643, M, M, T, M, M
KY, VILLA HILLS 0.7 S, CoCoRaHS, -84.597, 39.055, 870, M, M, 0.08, 2.0, 3
KY, COVINGTON 1.3 SSE, CoCoRaHS, -84.500, 39.066, 515, M, M, M, M, M
KY, DRY RIDGE 6.0 NNW, CoCoRaHS, -84.620, 38.767, 909, M, M, M, M, M
IN, BLOOMINGTON 1.5 S, CoCoRaHS, -86.517, 39.145, 804, M, M, M, M, M
KY, HIGHVIEW 0.8 SW, CoCoRaHS, -85.647, 38.134, 633, M, M, M, M, M
IN, ODON 0.8 E, CoCoRaHS, -86.973, 38.841, 599, M, M, 0.00, 0.0, M
IN, FERDINAND 2.3 SSE, CoCoRaHS, -86.849, 38.197, 460, M, M, M, M, M
IN, JEFFERSONVILLE 2.7 ENE, CoCoRaHS, -85.694, 38.296, 510, M, M, S, M, M
IN, OTWELL 4.4 ENE, CoCoRaHS, -87.017, 38.479, 461, M, M, 0.00, 0.0, M
OH, NORTHBROOK 1.1 ENE, CoCoRaHS, -84.560, 39.254, 826, M, M, 0.04, M, M
IN, HARTFORD CITY 4 ESE, COOP, -85.289, 40.436, 924, 16, -8, 0.01, 0.4, 3
IN, BOWLING GREEN 1 W, COOP, -87.040, 39.385, 601, M, M, 0.00, 0.0, 2
IN, BROOKVILLE, COOP, -85.014, 39.424, 630, 24, 6, 0.03, 0.3, 2
IN, MARTINSVILLE 2 SW, COOP, -86.453, 39.404, 592, 17, -2, T, T, 1
IN, SHELBYVILLE SEWAGE PLANT, COOP, -85.791, 39.528, 752, 15, 2, T, 0.2, 1
IN, ALPINE 2 NE, COOP, -85.158, 39.574, 767, M, M, 0.01, 0.2, 2
IN, RUSHVILLE, COOP, -85.453, 39.604, 948, 22, -2, 0.03, 0.3, 2
IN, INDIANAPOLIS INTL AP, WBAN, -86.282, 39.725, 792, 16, 0, T, T, 1
IN, GREENFIELD, COOP, -85.761, 39.786, 869, 19, -0, 0.01, T, 2
IN, FORT WAYNE 9.1 SE, CoCoRaHS, -85.003, 40.992, 814, M, M, 0.02, 0.2, M
IN, WOODBURN 2.8 WSW, CoCoRaHS, -84.906, 41.117, 745, M, M, 0.01, 0.2, M
IN, HARTFORD CITY 4.8 NW, CoCoRaHS, -85.427, 40.507, 886, M, M, 0.03, 0.6, 4
IN, LEBANON 4.5 NNE, CoCoRaHS, -86.455, 40.115, 932, M, M, T, T, 2
IN, THORNTOWN 3.4 SW, CoCoRaHS, -86.650, 40.091, 879, M, M, T, T, 1
IN, ZIONSVILLE 3.8 N, CoCoRaHS, -86.269, 40.004, 909, M, M, 0.17A, M, M
IN, EATON 4.0 SW, CoCoRaHS, -85.416, 40.306, 889, M, M, 0.02, M, M
IN, WAKARUSA 2.4 NNE, CoCoRaHS, -85.993, 41.566, 840, M, M, 0.06, 3.2, 7
KY, GEORGETOWN 1.0 NW, CoCoRaHS, -84.564, 38.216, 855, M, M, T, M, M
KY, CYNTHIANA 7.7 WSW, CoCoRaHS, -84.423, 38.337, 886, M, M, T, T, M
KY, MIDWAY 0.2 SSW, CoCoRaHS, -84.685, 38.147, 838, M, M, 0.02, M, M
IN, MOORES HILL 5 E, COOP, -84.995, 39.100, 831, M, M, 0.15A, M, M
OH, CHEVIOT 4.0 S, CoCoRaHS, -84.609, 39.100, 887, M, M, S, M, M
IN, VERSAILLES 5.7 ESE, CoCoRaHS, -85.168, 39.021, 927, M, M, T, M, M
IN, GREENVILLE 2.6 SSW, CoCoRaHS, -86.009, 38.338, 729, M, M, T, M, 3
IN, MITCHELL 2.1 N, CoCoRaHS, -86.474, 38.766, 661, M, M, T, M, M
IN, COLUMBUS 3.6 SW, CoCoRaHS, -85.962, 39.175, 659, M, M, 0.00, 0.0, M
KY, LOUISVILLE 8.3 ESE, CoCoRaHS, -85.620, 38.207, 548, M, M, M, M, M
IN, BATESVILLE 6.7 S, CoCoRaHS, -85.213, 39.202, 931, M, M, M, M, M
KY, WILDER 0.2 ESE, CoCoRaHS, -84.475, 39.035, 850, M, M, 0.07, 1.0, 2
IN, MADISON 2.4 N, CoCoRaHS, -85.372, 38.770, 850, M, M, 0.14, M, M
OH, HAMILTON 4.3 ESE, CoCoRaHS, -84.489, 39.367, 657, M, M, M, M, M
IN, JEFFERSONVILLE 1.6 ESE, CoCoRaHS, -85.699, 38.291, 467, M, M, 0.00, 0.0, M
IN, BLOOMFIELD 5.3 ESE, CoCoRaHS, -86.849, 38.990, 543, M, M, 0.00, 0.0, M
KY, MIDDLETOWN 1.1 WSW, CoCoRaHS, -85.559, 38.240, 705, M, M, 0.01, 0.4, 2
OH, CINCINNATI 6.7 W, CoCoRaHS, -84.638, 39.107, 815, M, M, 0.18, 2.4, M
IN, NASHVILLE 7.8 SE, CoCoRaHS, -86.117, 39.138, 667, M, M, 0.01, 0.1, 2
IN, HOPE 5.2 NW, CoCoRaHS, -85.842, 39.349, 688, M, M, 0.02, T, 2
KY, SIMPSONVILLE 6.6 SSW, CoCoRaHS, -85.406, 38.133, 692, M, M, 0.01, 0.3, 2
KY, BELLEWOOD 1.0 SSW, CoCoRaHS, -85.664, 38.247, 536, M, M, 0.00, 0.0, M
IN, BEDFORD 5.1 NNW, CoCoRaHS, -86.529, 38.928, 678, M, M, 0.00, 0.0, M
OH, CINCINNATI 7.4 NNW, CoCoRaHS, -84.546, 39.207, 875, M, M, 0.07, 1.1, 3
IN, BLOOMINGTON 7.1 E, CoCoRaHS, -86.391, 39.186, 580, M, M, T, M, 2
IN, SPENCER 5.7 SE, CoCoRaHS, -86.698, 39.225, 686, M, M, T, T, 2
IN, VERSAILLES 5.2 SE, CoCoRaHS, -85.204, 39.002, 930, M, M, 0.01, T, M
IN, CLARKSVILLE 2.3 N, CoCoRaHS, -85.767, 38.350, 459, M, M, M, M, M
IN, BLOOMINGTON 4.1 SSW, CoCoRaHS, -86.549, 39.110, 665, M, M, 0.00, 0.0, M
OH, CINCINNATI 3.0 ENE, CoCoRaHS, -84.451, 39.150, 650, M, M, M, M, M
IN, SOLSBERRY 4.0 ESE, CoCoRaHS, -86.683, 39.070, 817, M, M, 0.00, 0.0, M
KY, FRANKFORT 5.0 SW, CoCoRaHS, -84.931, 38.139, 800, M, M, 0.01, 0.5, 4
IN, DILLSBORO 0.4 E, CoCoRaHS, -85.055, 39.019, 874, M, M, M, 0.7, 2
KY, FLORENCE 1.4 WSW, CoCoRaHS, -84.668, 38.987, 882, M, M, T, T, 3
IN, HOLLAND 0.2 W, CoCoRaHS, -87.042, 38.245, 527, M, M, 0.00, 0.0, M
IN, UNIONVILLE 3.2 NNW, CoCoRaHS, -86.439, 39.273, 831, M, M, T, T, M
KY, LEXINGTON 3.3 E, CoCoRaHS, -84.443, 38.051, 953, M, M, M, M, M
IN, BLOOMINGTON 2.7 E, CoCoRaHS, -86.473, 39.174, 849, M, M, 0.00, 0.0, M
OH, BECKETT RIDGE 3.3 ESE, CoCoRaHS, -84.380, 39.327, 853, M, M, 0.00, 0.0, M
IN, BLOOMINGTON 1.7 NNW, CoCoRaHS, -86.529, 39.190, 760, M, M, 0.01, 0.2, 2
OH, CINCINNATI 7.5 E, CoCoRaHS, -84.375, 39.081, 733, M, M, T, T, 2
KY, CYNTHIANA 6.2 W, CoCoRaHS, -84.409, 38.391, 848, M, M, T, M, M
OH, CINCINNATI 7.8 NNE, CoCoRaHS, -84.446, 39.202, 608, M, M, 0.05, M, M
KY, OWENTON 1 N, COOP, -84.843, 38.557, 942, M, M, T, 0.3, 2
KY, TURNERS STATION 4.4 ESE, CoCoRaHS, -85.096, 38.525, 830, M, M, M, 0.0, M
KY, GOSHEN 0.3 ENE, CoCoRaHS, -85.586, 38.411, 669, M, M, 0.00, 0.0, M
OH, CLEVES 0.7 NNE, CoCoRaHS, -84.745, 39.172, 667, M, M, 0.02, 0.3, 2
IN, GEORGETOWN 1.6 E, CoCoRaHS, -85.946, 38.297, 795, M, M, T, M, M
KY, SILVER GROVE 0.4 E, CoCoRaHS, -84.390, 39.037, 494, M, M, 0.02, M, M
IN, SPENCER 2.1 NNE, CoCoRaHS, -86.760, 39.316, 616, M, M, 0.00, 0.0, M
IN, BLOOMINGTON 1.3 SE, CoCoRaHS, -86.504, 39.153, 812, M, M, 0.02, T, M
KY, STEPHENSPORT 8.0 N, CoCoRaHS, -86.509, 38.026, 443, M, M, M, M, M
KY, LYNDON 0.8 E, CoCoRaHS, -85.589, 38.261, 615, M, M, T, M, M
KY, INDEPENDENCE 2.2 W, CoCoRaHS, -84.588, 38.960, 877, M, M, M, M, M
KY, ST. MATTHEWS 0.4 N, CoCoRaHS, -85.653, 38.258, 544, M, M, 0.00, 0.0, M
KY, SHELBYVILLE 2.0 NNW, CoCoRaHS, -85.233, 38.237, 775, M, M, 0.01, 0.5, 1
IN, HENRYVILLE 2.3 SW, CoCoRaHS, -85.794, 38.514, 532, M, M, M, M, M
KY, CARROLLTON 0.9 W, CoCoRaHS, -85.182, 38.679, 485, M, M, 0.00, 0.0, M
KY, AUDUBON PARK 0.8 NE, CoCoRaHS, -85.716, 38.212, 494, M, M, T, T, M
KY, PIONEER VILLAGE 3.1 ENE, CoCoRaHS, -85.631, 38.084, 625, M, M, T, M, M
IN, COLUMBUS 2.1 ENE, CoCoRaHS, -85.875, 39.219, 657, M, M, T, T, 2
IN, ELKHART 4.8 SW, CoCoRaHS, -86.041, 41.642, 742, M, M, 0.12, 1.0, 10
IN, GOSHEN 3.0 WSW, CoCoRaHS, -85.883, 41.558, 886, M, M, 0.08, 4.2, 10
IN, ROCHESTER 2.4 NW, CoCoRaHS, -86.229, 41.085, 764, M, M, 0.03, 0.1, M
IN, (K9NQW)MARION 1.8 NW, CoCoRaHS, -85.692, 40.566, 856, M, M, 0.02, 0.4, M
IN, MARION 5.6 NE, CoCoRaHS, -85.589, 40.604, 876, M, M, 0.00, 0.0, M
IN, UPLAND 2.4 SSE, CoCoRaHS, -85.497, 40.430, 916, M, M, 0.04, 0.2, M
IN, CARMEL 1.5 W, CoCoRaHS, -86.137, 39.969, 843, M, M, 0.03, 0.2, M
IN, LAPEL 4.7 NW, CoCoRaHS, -85.901, 40.123, 807, M, M, T, T, 1
IN, CARMEL 1.4 NNE, CoCoRaHS, -86.101, 39.988, 840, M, M, 0.01, 0.2, M
IN, MCCORDSVILLE 2.6 NE, CoCoRaHS, -85.900, 39.937, 850, M, M, 0.01, 0.2, 2
IN, GREENFIELD 0.4 SW, CoCoRaHS, -85.775, 39.788, 902, M, M, T, M, M
IN, BROWNSBURG 4.6 S, CoCoRaHS, -86.402, 39.775, 850, M, M, 0.02, 0.3, 2
IN, PLAINFIELD 1.1 W, CoCoRaHS, -86.408, 39.701, 725, M, M, T, T, 2
IN, AVON 0.8 NE, CoCoRaHS, -86.378, 39.774, 851, M, M, M, M, M
IN, HUNTINGTON 1.2 ENE, CoCoRaHS, -85.483, 40.885, 791, M, M, 0.05, 0.4, 3
IN, KOKOMO 4.6 ESE, CoCoRaHS, -86.051, 40.453, 846, M, M, 0.00, 0.0, 2
IN, LEWISVILLE 1.8 ENE, CoCoRaHS, -85.324, 39.821, 1099, M, M, 0.05, 0.9, M
IN, GREENWOOD 4.8 WSW, CoCoRaHS, -86.195, 39.586, 694, M, M, 0.01, M, M
IN, WHEATFIELD 2.8 S, CoCoRaHS, -87.036, 41.152, 676, M, M, 0.00, 0.0, M
IN, RENSSELAER 1.9 SSW, CoCoRaHS, -87.159, 40.908, 686, M, M, 0.01, 0.2, M
IN, SPEEDWAY 6.2 SSW, CoCoRaHS, -86.281, 39.707, 798, M, M, T, T, 1
IN, INDIANAPOLIS 3.2 S, CoCoRaHS, -86.156, 39.731, 709, M, M, T, T, 1
IN, INDIANAPOLIS 6.7 N, CoCoRaHS, -86.137, 39.873, 713, M, M, 0.00, 0.0, M
IN, INDIANAPOLIS 9.2 NNE, CoCoRaHS, -86.128, 39.899, 750, M, M, T, T, 1
IN, INDIANAPOLIS 6.5 SW, CoCoRaHS, -86.242, 39.717, 709, M, M, M, M, M
IN, ALBION 3.7 S, CoCoRaHS, -85.416, 41.342, 936, M, M, 0.01, 0.2, 4
IN, VALPARAISO 2.0 WSW, CoCoRaHS, -87.087, 41.467, 722, M, M, T, T, 8
IN, VALPARAISO 4.3 SW, CoCoRaHS, -87.112, 41.435, 774, M, M, 0.03, 0.2, 4
IN, HEBRON 3.7 NE, CoCoRaHS, -87.162, 41.367, 732, M, M, 0.01, 0.2, M
IN, PORTER 0.6 S, CoCoRaHS, -87.082, 41.619, 636, M, M, 0.28, 9.2, M
IN, PORTAGE 2.8 E, CoCoRaHS, -87.128, 41.586, 633, M, M, M, M, M
IN, VALPARAISO 5.2 WSW, CoCoRaHS, -87.150, 41.460, 770, M, M, M, M, M
IN, VALPARAISO 0.9 NNW, CoCoRaHS, -87.058, 41.490, 824, M, M, 0.06, 1.0, 10
IN, CHESTERTON 1.4 ENE, CoCoRaHS, -87.034, 41.612, 638, M, M, 0.15, 4.5, M
IN, VALPARAISO 5.5 SSW, CoCoRaHS, -87.104, 41.408, 739, M, M, 0.01, 0.2, M
IN, MORRISTOWN 3.8 ENE, CoCoRaHS, -85.633, 39.692, 922, M, M, T, T, 2
IN, HOMER 0.4 NE, CoCoRaHS, -85.571, 39.579, 904, M, M, 0.01, 0.2, M
IN, SHELBYVILLE 7.1 WSW, CoCoRaHS, -85.904, 39.494, 743, M, M, T, M, 0
IN, WALKERTON 5.7 ENE, CoCoRaHS, -86.385, 41.502, 764, M, M, 0.05, 0.9, 8
IN, MISHAWAKA 3.9 ENE, CoCoRaHS, -86.095, 41.683, 755, M, M, 0.07, 2.5, 10
IN, SOUTH BEND 4.6 SE, CoCoRaHS, -86.215, 41.621, 884, M, M, 0.04, 1.8, 9
IN, WALKERTON 4.1 ENE, CoCoRaHS, -86.408, 41.487, 746, M, M, 0.05, M, M
IN, HUDSON 4.1 NNW, CoCoRaHS, -85.101, 41.592, 1056, M, M, 0.07, 0.5, M
IN, HUDSON 4.6 N, CoCoRaHS, -85.090, 41.600, 988, M, M, 0.03, 1.1, 7
IN, ANGOLA 8.7 ESE, CoCoRaHS, -84.838, 41.608, 988, M, M, 0.03, M, M
IN, ANGOLA 4.1 N, CoCoRaHS, -84.987, 41.701, 1076, M, M, 0.02, 1.0, M
IN, OTTERBEIN 2.3 SE, CoCoRaHS, -87.061, 40.467, 692, M, M, T, M, M
IN, LAFAYETTE 2.2 S, CoCoRaHS, -86.866, 40.380, 646, M, M, 0.03, 0.4, 4
IN, LAFAYETTE 2.2 NE, CoCoRaHS, -86.844, 40.436, 671, M, M, 0.02, 0.6, 4
IN, LA FONTAINE 1.1 NW, CoCoRaHS, -85.738, 40.684, 808, M, M, 0.15, 2.0, M
IN, BURNETTSVILLE 9.9 NNW, CoCoRaHS, -86.653, 40.898, 699, M, M, 0.06, 1.1, M
IN, BLUFFTON 0.9 SE, CoCoRaHS, -85.161, 40.730, 828, M, M, 0.04, 0.5, 3
IN, COLUMBIA CITY 5.4 N, CoCoRaHS, -85.488, 41.236, 932, M, M, 0.01, T, M
MI, STEVENSVILLE 1.7 SSE, CoCoRaHS, -86.509, 41.991, 616, M, M, 0.26, 5.2, 12
MI, BUCHANAN 1.4 ESE, CoCoRaHS, -86.342, 41.818, 759, M, M, 0.19, 7.5, 15
MI, NILES 2.7 W, CoCoRaHS, -86.300, 41.837, 719, M, M, 0.26, 8.0, 16
MI, LITCHFIELD 0.3 ENE, CoCoRaHS, -84.753, 42.045, 1040, M, M, 0.04, 0.5, 6
MI, JONESVILLE 5.9 ENE, CoCoRaHS, -84.562, 42.015, 1197, M, M, M, M, M
MI, HANOVER 4.1 E, CoCoRaHS, -84.473, 42.093, 1043, M, M, M, M, M
OH, HAMILTON 4.7 E, CoCoRaHS, -84.477, 39.393, 699, M, M, 0.04, 0.7, M
OH, BRADFORD 2.3 NW, CoCoRaHS, -84.461, 40.153, 997, M, M, 0.04, 0.7, 1
OH, FARMERSVILLE 1.7 E, CoCoRaHS, -84.395, 39.681, 826, M, M, 0.01, T, 1
OH, EATON 1.0 N, CoCoRaHS, -84.634, 39.765, 1056, M, M, 0.02, 0.3, 2
OH, ALVORDTON 0.5 E, CoCoRaHS, -84.424, 41.665, 830, M, M, 0.01, M, M
IN, YORKTOWN 1.1 NNW, CoCoRaHS, -85.490, 40.187, 928, M, M, 0.02, 0.5, M
IN, FISHERS 1.1 N, CoCoRaHS, -86.028, 39.970, 799, M, M, 0.01, M, M
IN, GREENFIELD 1.5 S, CoCoRaHS, -85.774, 39.771, 893, M, M, 0.01, M, M
IN, MOORESVILLE 3.8 NE, CoCoRaHS, -86.346, 39.621, 748, M, M, T, 0.1, 2
IN, INDIANAPOLIS 12.6 NW, CoCoRaHS, -86.312, 39.908, 892, M, M, 0.01, 0.1, 2
IN, INDIANAPOLIS 10.9 NW, CoCoRaHS, -86.281, 39.894, 866, M, M, T, T, 2
IN, GREENCASTLE 3.6 ESE, CoCoRaHS, -86.779, 39.622, 789, M, M, T, T, M
IN, ANGOLA 1.2 S, CoCoRaHS, -85.002, 41.625, 1038, M, M, M, M, M
IN, WEST LAFAYETTE 4.9 W, CoCoRaHS, -87.005, 40.448, 641, M, M, M, M, M
IN, WABASH 0.3 NNW, CoCoRaHS, -85.828, 40.803, 761, M, M, 0.06, 0.5, M
OH, RUSSIA 1.3 NNE, CoCoRaHS, -84.405, 40.250, 1004, M, M, 0.02, M, M
OH, FORT LORAMIE 3.2 SW, CoCoRaHS, -84.415, 40.315, 982, M, M, 0.03, M, M
IN, GOSHEN 1.4 SSE, CoCoRaHS, -85.829, 41.559, 807, M, M, 0.07, M, M
OH, FORT LORAMIE 2.1 WNW, CoCoRaHS, -84.408, 40.356, 951, M, M, 0.00, 0.0, M
IN, (KA9VIS) HARTFORD CITY 0.7 N, CoCoRaHS, -85.373, 40.462, 927, M, M, M, 0.3, M
IN, WHITESTOWN 6.5 NE, CoCoRaHS, -86.276, 40.073, 929, M, M, M, M, M
IN, (K9CJC) SPRINGPORT 3.5 NE, CoCoRaHS, -85.349, 40.085, 1036, M, M, 0.01, 0.3, M
IN, (KC9QCJ) SHAMROCK LAKES 3.0 NNW, CoCoRaHS, -85.454, 40.449, 901, M, M, 0.02, 0.3, M
IN, CLAYTON 0.4 WNW, CoCoRaHS, -86.530, 39.692, 892, M, M, 0.01, M, M
IN, (KC9LQY) PORTLAND 5.4 SW, CoCoRaHS, -85.064, 40.388, 942, M, M, M, 0.1, M
IN, MARTINSVILLE 2.3 SE, CoCoRaHS, -86.396, 39.396, 639, M, M, T, M, M
IN, (N9JPX)PARAGON 3.2 ENE, CoCoRaHS, -86.504, 39.406, 593, M, M, T, M, 1
IN, (KC9FXU) WINCHESTER 2.2 WSW, CoCoRaHS, -85.016, 40.162, 1105, M, M, 0.02, 0.5, M
IN, (KB9RBB)FAIRLAND 0.9 SSW, CoCoRaHS, -85.866, 39.587, 775, M, M, 0.00, 0.0, M
IN, (KB9GPW)NORTH JUDSON 3.9 SW, CoCoRaHS, -86.833, 41.180, 710, M, M, M, M, M
IN, FRANKFORT 4.9 NNE, CoCoRaHS, -86.487, 40.350, 894, M, M, 0.01, 0.5, 4
IN, (N9MRC)WILKINSON 4.1 W, CoCoRaHS, -85.685, 39.879, 938, M, M, M, M, M
IN, HANNA 1.1 E, CoCoRaHS, -86.760, 41.412, 687, M, M, 0.17A, M, 8
IN, BAILLY INDIANA, RAWS, -87.088, 41.632, 647, 26, 4, M, M, M
MI, BENTON HARBOR, WBAN, -86.415, 42.129, 641, 25, -3, 0.03, M, M
OH, EATON 1.1 WSW, CoCoRaHS, -84.654, 39.744, 1067, M, M, M, M, M
IN, ANDERSON 2.0 S, CoCoRaHS, -85.692, 40.064, 889, M, M, 0.05, 1.1, 2
MI, MOSCOW 1.0 NE, CoCoRaHS, -84.497, 42.061, 1091, M, M, M, M, M
OH, VERSAILLES 1.6 WSW, CoCoRaHS, -84.514, 40.218, 1000, M, M, 0.02, 0.2, M
OH, ROSSBURG 3.0 WSW, CoCoRaHS, -84.693, 40.270, 1042, M, M, M, M, M
OH, ARCANUM 3.2 SSW, CoCoRaHS, -84.580, 39.949, 1069, M, M, 0.03, M, M
IN, ZIONSVILLE 4.3 NNW, CoCoRaHS, -86.290, 40.014, 879, M, M, 0.02, T, M
OH, GREENVILLE 4.5 N, CoCoRaHS, -84.637, 40.167, 1031, M, M, M, M, M
IN, GRANGER 1.8 ENE, CoCoRaHS, -86.107, 41.746, 800, M, M, 0.17, 4.0, M
IN, MONTICELLO 5.5 NNW, CoCoRaHS, -86.789, 40.824, 658, M, M, M, M, M
IN, COLUMBIA CITY 4.6 S, CoCoRaHS, -85.469, 41.093, 842, M, M, 0.01, 0.3, 3
MI, ST. JOSEPH 1.5 SSE, CoCoRaHS, -86.480, 42.077, 632, M, M, 0.24, 6.0, M
MI, NILES 3.5 E, CoCoRaHS, -86.180, 41.841, 766, M, M, 0.22, M, M
IN, WARSAW 1.4 N, CoCoRaHS, -85.849, 41.260, 815, M, M, M, M, M
IN, CRAIGVILLE 2.7 NW, CoCoRaHS, -85.132, 40.800, 853, M, M, 0.02, 0.1, M
OH, GREENVILLE 5.3 N, CoCoRaHS, -84.637, 40.174, 1040, M, M, M, M, M
OH, PIONEER 2.3 S, CoCoRaHS, -84.552, 41.645, 874, M, M, M, M, M
OH, MARIA STEIN 3.0 SSW, CoCoRaHS, -84.521, 40.370, 958, M, M, 0.01, M, M
IN, WHEATFIELD 4.1 WSW, CoCoRaHS, -87.129, 41.175, 686, M, M, 0.02, M, M
IN, PORTLAND 2.3 S, CoCoRaHS, -84.984, 40.400, 935, M, M, 0.00, 0.0, M
IN, ANDERSON 2.2 NNE, CoCoRaHS, -85.667, 40.120, 873, M, M, 0.02, M, M
IN, OSSIAN 2.4 W, CoCoRaHS, -85.215, 40.874, 844, M, M, T, T, M
IN, NEW CASTLE 3.2 W, CoCoRaHS, -85.425, 39.918, 1048, M, M, 0.05, 1.0, M
OH, GREENVILLE 5.6 E, CoCoRaHS, -84.520, 40.096, 1010, M, M, M, M, M
IN, FORT WAYNE 8.0 NE, CoCoRaHS, -85.053, 41.170, 805, M, M, T, M, M
IN, MACY 2.7 SSE, CoCoRaHS, -86.116, 40.920, 835, M, M, 0.03, M, M
IN, (KC9ZPE) MODOC 0.1 NNW, CoCoRaHS, -85.127, 40.046, 1173, M, M, M, M, M
OH, ROSSBURG 3.0 E, CoCoRaHS, -84.580, 40.278, 1056, M, M, M, M, M
IN, GOSHEN 1.2 SW, CoCoRaHS, -85.854, 41.569, 808, M, M, 0.02, 3.4, M
IN, RUSHVILLE 0.7 ENE, CoCoRaHS, -85.434, 39.618, 977, M, M, 0.04, 0.5, 2
IN, SOUTH BEND, COOP, -86.249, 41.701, 710, 22, -1, T, 0.8, 9
OH, EDON 4S, COOP, -84.774, 41.498, 867, M, M, 0.01, 0.3, 5
IN, BURLINGTON 0.1 NNE, CoCoRaHS, -86.396, 40.483, 759, M, M, 0.03, 0.7, 4
IN, SHERIDAN 2.0 SW, CoCoRaHS, -86.242, 40.111, 948, M, M, 0.01, M, M
IN, OTTERBEIN 2.0 ESE, CoCoRaHS, -87.060, 40.476, 698, M, M, M, M, M
IN, (KD9CQQ)UPLAND 0.7 ENE, CoCoRaHS, -85.502, 40.468, 938, M, M, M, M, M
IN, ZIONSVILLE 0.5 ESE, CoCoRaHS, -86.265, 39.949, 841, M, M, 0.02, M, M
IN, (KD9GQA)MUNCIE 1.7 N, CoCoRaHS, -85.397, 40.222, 950, M, M, M, M, M
IN, NOBLESVILLE 3.8 SSE, CoCoRaHS, -86.011, 40.003, 800, M, M, M, M, M
IN, INDIANAPOLIS 7.8 N, CoCoRaHS, -86.173, 39.888, 797, M, M, 0.09, 0.4, 2
IN, NAPPANEE 4.8 NE, CoCoRaHS, -85.925, 41.498, 848, M, M, 0.05, 2.0, M
IN, LA CROSSE 1.2 W, CoCoRaHS, -86.913, 41.318, 680, M, M, T, M, M
IN, BREMEN 3.9 WSW, CoCoRaHS, -86.227, 41.430, 807, M, M, M, M, M
IN, GREENWOOD 0.6 ESE, CoCoRaHS, -86.103, 39.613, 804, M, M, 0.00, 0.0, M
IN, ELKHART 3.5 ENE, CoCoRaHS, -85.903, 41.700, 761, M, M, 0.13, M, M
IN, FRANKLIN 2.0 NW, CoCoRaHS, -86.077, 39.516, 776, M, M, T, 0.3, 1
IN, MARION 6.5 N, CoCoRaHS, -85.685, 40.642, 827, M, M, S, M, M
IN, ELKHART 3.0 SSE, CoCoRaHS, -85.942, 41.648, 775, M, M, M, M, M
IN, GREENWOOD 2.1 ESE, CoCoRaHS, -86.080, 39.601, 820, M, M, T, 0.3, M
IN, HUDSON 3SW, COOP, -85.132, 41.512, 945, M, M, 0.04, 0.4, 5
OH, HAMILTON 1.2 NNW, CoCoRaHS, -84.571, 39.408, 647, M, M, 0.09, M, M
IN, FISHERS 4.3 ENE, CoCoRaHS, -85.943, 39.967, 817, M, M, T, T, 1
OH, PAULDING 5.6 ESE, CoCoRaHS, -84.492, 41.092, 719, M, M, M, M, M
IN, MARKLE 5.1 NE, CoCoRaHS, -85.280, 40.886, 816, M, M, M, M, M
IN, LIBERTY, COOP, -84.930, 39.632, 990, M, M, 0.05, 1.0, 4
IN, RENSSELAER 6.2 SE, CoCoRaHS, -87.080, 40.863, 673, M, M, T, T, 2
IN, REMINGTON 0.3 N, CoCoRaHS, -87.152, 40.767, 734, M, M, 0.01, 0.1, 2
IN, SYRACUSE 3.0 ESE, CoCoRaHS, -85.695, 41.407, 856, M, M, M, M, M
IN, LEESBURG 0.1 WNW, CoCoRaHS, -85.851, 41.330, 853, M, M, 0.01, 0.5, M
IN, LEESBURG 6.7 ESE, CoCoRaHS, -85.723, 41.310, 862, M, M, 0.02, 0.6, 6
IN, ORLAND 6.6 SSW, CoCoRaHS, -85.202, 41.639, 991, M, M, 0.02, M, M
IN, LAGRANGE 1.3 ENE, CoCoRaHS, -85.396, 41.653, 945, M, M, M, M, M
IN, LAGRANGE 9.9 E, CoCoRaHS, -85.231, 41.649, 949, M, M, 0.02, M, M
IN, WANATAH 4.4 ESE, CoCoRaHS, -86.810, 41.409, 712, M, M, 0.05, 2.0, 8
IN, LA PORTE 1.6 SW, CoCoRaHS, -86.734, 41.590, 833, M, M, 0.48, 12.5, 27
IN, LA PORTE 1.3 ENE, CoCoRaHS, -86.691, 41.611, 792, M, M, 0.39, M, M
IN, LA PORTE 2.3 ESE, CoCoRaHS, -86.676, 41.592, 778, M, M, 0.24, M, M
IN, BROOKLYN 0.5 ENE, CoCoRaHS, -86.363, 39.545, 686, M, M, T, T, 2
IN, PLYMOUTH 2.5 WSW, CoCoRaHS, -86.357, 41.330, 814, M, M, 0.03, 1.0, M
IN, DENVER 1.3 NE, CoCoRaHS, -86.056, 40.875, 765, M, M, 0.02, 0.6, 2
IN, LAWRENCE 2.0 ENE, CoCoRaHS, -85.953, 39.880, 850, M, M, 0.01, M, M
IN, FORT WAYNE 2.6 NW, CoCoRaHS, -85.180, 41.095, 816, M, M, 0.00, 0.0, M
IN, INDIANAPOLIS 8.2 N, CoCoRaHS, -86.135, 39.895, 766, M, M, 0.12A, M, M
IN, INDIANAPOLIS 9.3 E, CoCoRaHS, -85.972, 39.785, 855, M, M, M, M, M
IN, HARLAN 2.2 ENE, CoCoRaHS, -84.879, 41.203, 758, M, M, 0.01, M, M
OH, UNION CITY, COOP, -84.794, 40.206, 1082, M, M, 0.00, M, M
IN, WESTFIELD 1.7 ESE, CoCoRaHS, -86.102, 40.037, 853, M, M, M, M, M
OH, VERSAILLES 1.6 WSW, CoCoRaHS, -84.513, 40.218, 1002, M, M, 0.02, M, M
IN, CROMWELL 2.9 W, CoCoRaHS, -85.669, 41.401, 880, M, M, S, M, M
OH, GREENVILLE 1.6 NNW, CoCoRaHS, -84.631, 40.125, 1074, M, M, M, M, M
IN, WARSAW 3.7 E, CoCoRaHS, -85.777, 41.232, 839, M, M, 0.03, 1.3, 4
IN, (W9JKL) PORTLAND 0.6 SSW, CoCoRaHS, -84.986, 40.425, 912, M, M, M, M, M
IN, BROWNSBURG 0.8 NNW, CoCoRaHS, -86.401, 39.852, 883, M, M, 0.03, 0.4, T
OH, GERMANTOWN 0.8 WSW, CoCoRaHS, -84.375, 39.629, 817, M, M, M, M, M
IN, MARTINSVILLE 1.2 NNE, CoCoRaHS, -86.415, 39.440, 786, M, M, M, M, M
IN, COLUMBIA CITY 0.5 WSW, CoCoRaHS, -85.495, 41.157, 866, M, M, 0.01, 0.4, M
IN, TRI-LAKES 3.0 N, CoCoRaHS, -85.486, 41.265, 928, M, M, T, T, 2
IN, FORT WAYNE 5.7 NE, CoCoRaHS, -85.061, 41.131, 805, M, M, 0.06, 1.3, M
OH, NEW LEBANON, COOP, -84.396, 39.737, 933, M, M, 0.02, 0.4, 2
IN, CHESTERTON 3.9 ESE, CoCoRaHS, -86.986, 41.583, 732, M, M, M, M, M
IN, WESTFIELD 1.3 E, CoCoRaHS, -86.107, 40.048, 874, M, M, M, M, M
IN, FORT WAYNE 10.1 WSW, CoCoRaHS, -85.324, 41.031, 852, M, M, M, M, M
IN, MCCORDSVILLE 0.9 NW, CoCoRaHS, -85.945, 39.916, 826, M, M, 0.02, M, M
IN, NOBLESVILLE 3.6 NW, CoCoRaHS, -86.085, 40.088, 864, M, M, S, M, M
IN, FISHERS 0.7 WSW, CoCoRaHS, -86.036, 39.951, 810, M, M, T, M, M
IN, FISHERS 3.0 NE, CoCoRaHS, -85.989, 39.989, 827, M, M, 0.01, M, M
IN, MUNCIE 1.6 WNW, CoCoRaHS, -85.418, 40.207, 926, M, M, 0.02, 0.4, M
IN, MCCORDSVILLE 1.3 W, CoCoRaHS, -85.956, 39.906, 828, M, M, 0.02, 0.3, 2
IN, GREENWOOD 3.8 W, CoCoRaHS, -86.186, 39.615, 706, M, M, 0.01, 0.1, 2
IN, INDIANAPOLIS 10.4 NE, CoCoRaHS, -86.035, 39.900, 837, M, M, 0.01, T, M
IN, NEW CASTLE 3.9 SW, CoCoRaHS, -85.411, 39.877, 1055, M, M, 0.12A, M, M
MI, THREE RIVERS 2.4 NE, CoCoRaHS, -85.602, 41.971, 821, M, M, M, 0.5, 8
OH, ARCANUM 4.0 NE, CoCoRaHS, -84.494, 40.028, 1019, M, M, 0.10, M, M
IN, ANGOLA 8.8 ESE, CoCoRaHS, -84.834, 41.616, 977, M, M, 0.05, M, M
IN, VALPARAISO 2.2 NW, CoCoRaHS, -87.075, 41.503, 820, M, M, 0.03, 1.0, 12
IN, FORTVILLE 1.5 NW, CoCoRaHS, -85.869, 39.949, 856, M, M, 0.01, M, M
IN, COLUMBIA CITY 7.4 N, CoCoRaHS, -85.505, 41.264, 918, M, M, 0.01, M, M
IN, INDIANAPOLIS 8.5 SSE, CoCoRaHS, -86.114, 39.656, 789, M, M, T, M, M
IN, LIGONIER 4.3 WNW, CoCoRaHS, -85.674, 41.480, 880, M, M, 0.03, M, M
IN, WINONA LAKE 0.9 SW, CoCoRaHS, -85.828, 41.210, 821, M, M, 0.00, 0.0, M
IN, PENDLETON 5.9 WSW, CoCoRaHS, -85.850, 39.981, 863, M, M, 0.03, 0.5, M
IN, GREENWOOD 2.6 W, CoCoRaHS, -86.163, 39.614, 737, M, M, T, 0.4, 2
IN, DENVER 0.5 SSE, CoCoRaHS, -86.072, 40.858, 677, M, M, 0.04, 0.8, M
OH, ARCANUM 4.1 ENE, CoCoRaHS, -84.489, 40.023, 1016, M, M, M, T, 1
IN, HOAGLAND 1.5 SSW, CoCoRaHS, -84.999, 40.928, 833, M, M, 0.02, 0.3, M
IN, GOSHEN 0.3 NE, CoCoRaHS, -85.831, 41.582, 801, M, M, 0.03, 1.7, M
IN, CLOVERDALE 3.5 W, CoCoRaHS, -86.863, 39.516, 673, M, M, 0.00, 0.0, M
MI, OSSEO 2.7 NE, CoCoRaHS, -84.494, 41.901, 1170, M, M, S, M, M
IN, ROCKVILLE 3.6 ENE, CoCoRaHS, -87.170, 39.789, 702, M, M, 0.00, 0.0, M
IN, INDIANAPOLIS 6.2 E, CoCoRaHS, -86.030, 39.781, 867, M, M, T, M, M
IN, MILL CREEK 1.9 NNE, CoCoRaHS, -86.524, 41.607, 724, M, M, 0.11, 3.6, 12
OH, PLEASANT HILL 1.9 WNW, CoCoRaHS, -84.380, 40.057, 969, M, M, M, M, M
IN, MUNCIE 3.2 W, CoCoRaHS, -85.450, 40.193, 926, M, M, 0.02, M, M
IN, WARSAW 3.0 SE, CoCoRaHS, -85.803, 41.211, 855, M, M, 0.03, 0.4, 5
IN, MODOC 0.1 W, CoCoRaHS, -85.128, 40.045, 1176, M, M, M, 0.5, 0
OH, NEW BREMEN 1.9 WNW, CoCoRaHS, -84.412, 40.451, 929, M, M, M, 0.5, 2
IN, PLAINFIELD 2.2 W, CoCoRaHS, -86.428, 39.698, 773, M, M, 0.14A, M, M
IN, NOBLESVILLE 2.8 SSW, CoCoRaHS, -86.058, 40.022, 790, M, M, T, M, M
IN, NEW CASTLE 5.4 WSW, CoCoRaHS, -85.453, 39.881, 1042, M, M, 0.06, M, M
IN, MONROEVILLE 0.2 ESE, CoCoRaHS, -84.864, 40.971, 790, M, M, 0.00, 0.0, M
MI, CASSOPOLIS 9.0 SSE, CoCoRaHS, -85.949, 41.789, 850, M, M, 0.14, M, M
IN, INDIANAPOLIS 5.8 NNE, CoCoRaHS, -86.095, 39.851, 747, M, M, 2.31A, M, 2
IN, ALBION 2.9 S, CoCoRaHS, -85.422, 41.353, 935, M, M, 0.01, 0.1, 4
IN, ANDERSON 4.0 N, CoCoRaHS, -85.687, 40.151, 889, M, M, 0.03, 0.6, 3
IN, TIPPECANOE 0.8 S, CoCoRaHS, -86.114, 41.197, 782, M, M, 0.01, M, M
MI, SHOREHAM 2.0 SE, CoCoRaHS, -86.488, 42.035, 629, M, M, 0.31, 5.4, M
IN, WESTFIELD 0.7 NNW, CoCoRaHS, -86.136, 40.056, 907, M, M, M, M, M
IN, GREENWOOD 4.9 SW, CoCoRaHS, -86.187, 39.572, 733, M, M, T, T, 2
IN, FORT WAYNE 9.3 W, CoCoRaHS, -85.315, 41.053, 831, M, M, T, 0.1, M
IN, GREENFIELD 1.6 S, CoCoRaHS, -85.770, 39.769, 888, M, M, T, M, M
IN, BROWNSBURG 5.1 NNE, CoCoRaHS, -86.342, 39.903, 918, M, M, 0.02, 0.3, 2
IN, INDIANAPOLIS 9.8 WNW, CoCoRaHS, -86.320, 39.825, 837, M, M, 0.01, 0.3, 2
IN, WEST LAFAYETTE 5.9 N, CoCoRaHS, -86.929, 40.529, 678, M, M, 0.01, 0.2, 2
OH, PITSBURG 1.7 S, CoCoRaHS, -84.489, 39.962, 1036, M, M, 0.02, 0.3, 2
IN, WESTFIELD 1.4 ESE, CoCoRaHS, -86.105, 40.040, 856, M, M, 0.03, 0.4, 2
MI, Pokgnek Bodwadmik Db gnen, TSCAN, -86.180, 41.956, 726, 28, -7, 0.00, M, M
IN, FORT WAYNE 6.0 N, CoCoRaHS, -85.130, 41.160, 796, M, M, T, T, 3
IN, WOLCOTTVILLE 1.1 WNW, CoCoRaHS, -85.386, 41.531, 901, M, M, M, M, M
IN, MILFORD 2.7 SSW, CoCoRaHS, -85.874, 41.377, 840, M, M, 0.02, M, M
IN, CARMEL 2.8 NE, CoCoRaHS, -86.068, 39.994, 776, M, M, M, M, M
IN, ZIONSVILLE 0.5 NNW, CoCoRaHS, -86.276, 39.960, 905, M, M, T, T, 2
IN, GOSHEN 3.5 NNW, CoCoRaHS, -85.871, 41.622, 825, M, M, 0.12, M, M
IN, MULBERRY 0.6 SSE, CoCoRaHS, -86.665, 40.337, 771, M, M, 0.05, 10.0, 3
IN, LA FONTAINE 0.3 SE, CoCoRaHS, -85.718, 40.670, 832, M, M, 0.05, 0.5, 2
IN, FRANKFORT 0.9 SSE, CoCoRaHS, -86.502, 40.270, 859, M, M, 0.01, 0.4, 4
IN, LAGRANGE 9.6 ESE, CoCoRaHS, -85.244, 41.594, 999, M, M, 0.03, 0.4, M
IN, MARTINSVILLE 3.9 ESE, CoCoRaHS, -86.358, 39.394, 782, M, M, 0.00, 0.0, M
IN, INDIANAPOLIS 5.6 WNW, CoCoRaHS, -86.249, 39.796, 738, M, M, 0.01, M, M
IN, (WD9DCN) REDKEY 2.6 ENE, CoCoRaHS, -85.109, 40.365, 1006, M, M, M, M, M
IN, UNION CITY 3.6 WSW, CoCoRaHS, -84.882, 40.186, 1100, M, M, T, M, M
IN, ELLISVILLE 0.3 W, CoCoRaHS, -85.289, 41.018, 786, M, M, T, M, M
IN, SOUTH BEND 3.3 SE, CoCoRaHS, -86.228, 41.637, 852, M, M, 0.05, 1.6, 9
IN, GOSHEN 4.6 N, CoCoRaHS, -85.828, 41.645, 812, M, M, 0.02, 2.9, 8
IN, NEW MARKET 2.6 WNW, CoCoRaHS, -86.971, 39.960, -, M, M, T, T, M
IN, SPEEDWAY 0.3 W, CoCoRaHS, -86.252, 39.793, 736, M, M, 0.01, 0.2, 2
IN, GOSHEN 1.8 SE, CoCoRaHS, -85.809, 41.561, 817, M, M, 0.05, 3.6, 6
MI, HILLSDALE 2.5 ESE, CoCoRaHS, -84.592, 41.911, 1182, M, M, 0.00, 0.0, 8
IN, DANVILLE 0.2 WNW, CoCoRaHS, -86.523, 39.763, 923, M, M, 0.00, 0.0, M
IN, WOODBURN 2.6 NNW, CoCoRaHS, -84.878, 41.159, 751, M, M, 0.00, 0.0, M
IN, AVON 1.4 SSW, CoCoRaHS, -86.408, 39.743, 813, M, M, 0.00, 0.0, M
OH, HAMILTON 5.3 ENE, CoCoRaHS, -84.476, 39.426, 699, M, M, 0.02, 0.5, M
IN, BOWLING GREEN 0.4 S, CoCoRaHS, -87.010, 39.377, 657, M, M, 0.00, 0.0, M
IN, BEVERLY SHORES 0.8 W, CoCoRaHS, -86.993, 41.687, 626, M, M, M, 16.5, M
IN, MICHIGAN CITY 3.9 SE, CoCoRaHS, -86.827, 41.669, 675, M, M, M, M, M
IN, FORT WAYNE 1.6 S, CoCoRaHS, -85.144, 41.051, 817, M, M, T, M, 2
IN, LADOGA 3.4 E, CoCoRaHS, -86.736, 39.907, 897, M, M, T, M, M
IN, SHELBYVILLE 1.6 SSE, CoCoRaHS, -85.766, 39.501, 777, M, M, 0.00, 0.0, 2
IN, KEWANNA 4.9 S, CoCoRaHS, -86.408, 40.948, 766, M, M, 0.02, 0.8, 2
IN, FORT WAYNE 10.4 N, CoCoRaHS, -85.141, 41.224, 866, M, M, 0.01, 0.2, 4
IN, KEMPTON 0.2 SSW, CoCoRaHS, -86.231, 40.285, 930, M, M, 0.00, 0.0, M
MI, ST. JOSEPH 2.8 SSE, CoCoRaHS, -86.471, 42.060, 638, M, M, 0.27, 7.1, M
IN, WESTFIELD 4.6 SW, CoCoRaHS, -86.201, 40.008, 919, M, M, 0.83A, M, M
IN, MCCORDSVILLE 1.4 WSW, CoCoRaHS, -85.954, 39.898, 825, M, M, 0.00, 0.0, M
IN, FRANKFORT 2.1 NW, CoCoRaHS, -86.534, 40.306, 829, M, M, 0.00, 0.0, M
OH, CELINA 0.7 NE, CoCoRaHS, -84.562, 40.561, 881, M, M, M, M, M
IN, ANGOLA 6.2 NW, CoCoRaHS, -85.072, 41.714, 987, M, M, 0.03, M, M
IN, FRANKLIN 4.4 S, CoCoRaHS, -86.064, 39.428, 733, M, M, T, T, M
IN, FISHERS 6.1 E, CoCoRaHS, -85.908, 39.960, 839, M, M, M, M, M
IN, IDAVILLE 0.2 SW, CoCoRaHS, -86.652, 40.756, 710, M, M, M, M, M
IN, LAFAYETTE 1.0 WNW, CoCoRaHS, -86.887, 40.418, 603, M, M, 0.03, M, M
IN, NOBLESVILLE 4.4 ESE, CoCoRaHS, -85.959, 40.024, 813, M, M, 0.02, 0.2, 2
IN, (KD9VOH) FARMLAND 0.3 S, CoCoRaHS, -85.128, 40.184, 1039, M, M, 0.01, 0.3, M
IN, HUDSON 6.4 WNW, CoCoRaHS, -85.189, 41.579, 935, M, M, 0.03, M, M
MI, EDWARDSBURG 3.0 NNW, CoCoRaHS, -86.100, 41.838, 835, M, M, 0.23, 4.7, 13
IN, ANDERSON 0.4 ESE, CoCoRaHS, -85.682, 40.090, 889, M, M, 0.00, 0.0, 2
IN, SOUTH BEND 4.0 SSW, CoCoRaHS, -86.308, 41.627, 776, M, M, M, M, M
IN, KIRKLIN 3.7 W, CoCoRaHS, -86.429, 40.186, 883, M, M, T, 0.2, 2
OH, NEW PARIS 1.9 S, CoCoRaHS, -84.793, 39.830, 1169, M, M, 0.02, M, M
IN, FORT WAYNE 6.8 NE, CoCoRaHS, -85.033, 41.131, 792, M, M, T, T, M
IN, AVON 1.5 SSE, CoCoRaHS, -86.388, 39.742, 825, M, M, 0.01, M, M
IN, VALPARAISO 3.0 NNE, CoCoRaHS, -87.039, 41.520, 848, M, M, M, 2.0, 6
IN, SOUTH BEND 4.6 SSE, CoCoRaHS, -86.242, 41.610, 839, M, M, M, M, M
IN, WHEATFIELD 1.0 SSE, CoCoRaHS, -87.044, 41.179, 678, M, M, 0.03, T, M
IN, PORTER 2.1 SW, CoCoRaHS, -87.105, 41.602, 627, M, M, 0.28, M, M
IN, INDIANAPOLIS 7.6 NNE, CoCoRaHS, -86.075, 39.872, 813, M, M, M, M, M
IN, CARMEL 5.4 SW, CoCoRaHS, -86.175, 39.909, 820, M, M, 0.00, 0.0, M
IN, WALDRON 0.1 ESE, CoCoRaHS, -85.665, 39.452, 825, M, M, 0.01, M, M
OH, BECKETT RIDGE 2.2 NNE, CoCoRaHS, -84.425, 39.377, 761, M, M, 0.00, 0.0, M
IN, AUBURN 0.2 SE, CoCoRaHS, -85.055, 41.361, 865, M, M, 0.00, 0.0, M
IN, SHELBYVILLE 0.7 E, CoCoRaHS, -85.764, 39.521, 788, M, M, 0.00, 0.0, M
IN, CARMEL 1.3 SSE, CoCoRaHS, -86.101, 39.952, 771, M, M, 0.00, 0.0, M
IN, COLUMBIA CITY 6.8 NNE, CoCoRaHS, -85.425, 41.245, 906, M, M, 0.00, M, M
IN, KOKOMO 1.8 E, CoCoRaHS, -86.099, 40.475, 826, M, M, M, M, M
IN, GRABILL 5.2 WSW, CoCoRaHS, -85.066, 41.192, 803, M, M, M, M, M
IN, VALPARAISO 2.7 ENE, CoCoRaHS, -87.003, 41.492, 788, M, M, 0.05, 0.7, M
IN, LIGONIER 5.3 ENE, CoCoRaHS, -85.501, 41.495, 925, M, M, 0.57A, M, 2
IN, SHERIDAN 0.3 ENE, CoCoRaHS, -86.215, 40.137, 944, M, M, T, 0.1, M
IN, MONTEREY 2.2 WNW, CoCoRaHS, -86.520, 41.170, 745, M, M, 0.04, M, 3
IN, (KB9PPK) REDKEY 0.5 SE, CoCoRaHS, -85.147, 40.343, 965, M, M, M, 0.3, M
IN, MUNCIE 1.7 WNW, CoCoRaHS, -85.419, 40.209, 939, M, M, 0.17A, M, M
IN, CRAWFORDSVILLE 2.3 WNW, CoCoRaHS, -86.939, 40.051, 760, M, M, T, M, M
IN, MOORESVILLE 2.1 WSW, CoCoRaHS, -86.405, 39.601, 778, M, M, 0.00, 0.0, M
IN, ALBION 0.5 N, CoCoRaHS, -85.421, 41.402, 960, M, M, T, M, M
IN, LAKEVILLE 1.5 SSW, CoCoRaHS, -86.281, 41.505, 867, M, M, 0.09, M, M
IN, RICHMOND 1.2 S, CoCoRaHS, -84.884, 39.812, 1040, M, M, M, M, M
IN, RUSSIAVILLE 1.8 E, CoCoRaHS, -86.237, 40.424, 844, M, M, 0.03, M, M
IN, PORTAGE 1.2 SE, CoCoRaHS, -87.167, 41.574, 635, M, M, M, M, M
IN, MOORESVILLE 4.4 SE, CoCoRaHS, -86.310, 39.573, 796, M, M, 0.08A, M, M
IN, INDIANAPOLIS 9.1 NNW, CoCoRaHS, -86.225, 39.893, 836, M, M, 0.04, 0.1, M
IN, WEST LAFAYETTE 4.2 NW, CoCoRaHS, -86.974, 40.482, 725, M, M, 0.01, T, 1
IN, WINAMAC 9.9 NW, CoCoRaHS, -86.748, 41.146, 710, M, M, T, M, M
IN, AVON 3.1 NE, CoCoRaHS, -86.351, 39.790, 854, M, M, M, M, M
IN, MUNCIE 4.0 E, CoCoRaHS, -85.316, 40.208, 985, M, M, M, M, M
IN, ANDERSON 2.0 SE, CoCoRaHS, -85.660, 40.073, 886, M, M, 0.02, 1.0, 2
IN, MONTEREY 1.3 WNW, CoCoRaHS, -86.506, 41.160, 726, M, M, M, M, M
MI, JACKSON REYNOLDS FIELD, WBAN, -84.456, 42.264, 971, 22, -3, T, M, M
MI, LANSING CAPITAL CITY AP, WBAN, -84.600, 42.776, 857, 22, -3, T, T, M
MI, MUSKEGON COUNTY AP, WBAN, -86.237, 43.171, 624, 28, -1, 0.06, 1.6, 11
MI, MARSHALL, COOP, -84.970, 42.265, 895, M, M, 0.01, T, 5
MI, KALAMAZOO BATTLE CREEK INTL AP, WBAN, -85.546, 42.228, 864, 23, 2, T, 0.2, 8
MI, GULL LAKE BIOLOGICAL STATION, COOP, -85.385, 42.394, 925, 21, 7, 0.00, M, M
MI, EATON RAPIDS, COOP, -84.652, 42.518, 870, 20, -2, 0.02, 0.2, 5
MI, CHARLOTTE, COOP, -84.825, 42.550, 902, M, M, 0.00, 0.0, 6
MI, HASTINGS, COOP, -85.288, 42.642, 821, 21, -4, 0.02, 0.2, 9
MI, GRAND LEDGE 1 NW, COOP, -84.762, 42.762, 801, M, M, 0.05, 0.5, 5
MI, HOLLAND WTP, COOP, -86.206, 42.799, 605, M, M, 0.00, 0.0, M
MI, HOLLAND TULIP CITY AP, WBAN, -86.097, 42.746, 677, 24, -2, 0.23, M, M
MI, GRAND RAPIDS GERALD R FORD INTL AP, WBAN, -85.523, 42.882, 788, 24, 2, 0.01, 0.2, 11
MI, LOWELL, COOP, -85.340, 42.928, 656, M, M, 0.01, 0.0, M
MI, SAINT JOHNS, COOP, -84.555, 43.013, 743, M, M, 0.03, 0.2, M
MI, GRAND HAVEN WASTEWATER PLANT, COOP, -86.204, 43.062, 600, M, M, 0.02, 0.5, 8
MI, GREENVILLE 2 NNE, COOP, -85.242, 43.203, 888, M, M, M, M, M
MI, KENT CITY 2 SW, COOP, -85.778, 43.204, 813, 21, -5, T, T, 13
MI, ALMA, COOP, -84.648, 43.387, 728, 20, -2, 0.04, T, 9
MI, MONTAGUE 4 NW, COOP, -86.418, 43.461, 650, 24, -2, T, 2.4, 10
MI, FREMONT 4 WSW, COOP, -86.026, 43.445, 797, 22, -3, 0.00, 0.0, 11
MI, CENTRAL MICHIGAN UNIVERSITY, COOP, -84.769, 43.586, 795, M, M, 0.01, T, 9
MI, BIG RAPIDS WATER TREATMENT PLANT, COOP, -85.482, 43.707, 898, 19, -7, 0.00A, T, 7
MI, HART 3 WSW, COOP, -86.423, 43.675, 775, 21, 2, 0.06, 1.2, 13
MI, GLADWIN, WBAN, -84.491, 43.976, 775, 18, -8, 0.00, 0.0, 10
MI, REED CITY WWTP, COOP, -85.497, 43.875, 1047, 24, -1, T, M, M
MI, BATTLE CREEK KELLOGG AP, WBAN, -85.241, 42.312, 927, 24, -4, T, M, M
MI, OIL CITY 2S, COOP, -84.589, 43.582, 680, 20, -5, T, T, 10
MI, BATTLE CREEK 0.5 N, CoCoRaHS, -85.230, 42.306, 933, M, M, 0.03, M, M
MI, BELMONT 1.0 WNW, CoCoRaHS, -85.628, 43.079, 785, M, M, T, T, M
MI, BATTLE CREEK 5NW, COOP, -85.263, 42.368, 923, 25, -5, 0.00, 0.0, 8
MI, SCOTTVILLE 2 SE, COOP, -86.245, 43.934, 666, M, M, 0.17, 3.0, 13
MI, FENNVILLE 0.8 W, CoCoRaHS, -86.120, 42.594, 670, M, M, T, T, M
MI, PLAINWELL 5.4 E, CoCoRaHS, -85.538, 42.451, 913, M, M, T, 0.4, 8
MI, HASTINGS 4.3 SSW, CoCoRaHS, -85.316, 42.592, 910, M, M, 0.02, 0.5, 10
MI, LAINGSBURG 5.0 SW, CoCoRaHS, -84.420, 42.840, 811, M, M, 0.01, 0.1, 6
MI, HASLETT 1.2 N, CoCoRaHS, -84.403, 42.770, 863, M, M, 0.02, 0.3, 7
MI, DE WITT 1.2 W, CoCoRaHS, -84.598, 42.833, 801, M, M, M, M, M
MI, OKEMOS 0.6 ESE, CoCoRaHS, -84.402, 42.706, 887, M, M, 0.06, 0.7, M
MI, SARANAC 2.6 NE, CoCoRaHS, -85.174, 42.958, 667, M, M, 0.02, 0.4, 11
MI, JACKSON 1.2 ENE, CoCoRaHS, -84.383, 42.248, 959, M, M, M, M, M
MI, JACKSON 3.2 W, CoCoRaHS, -84.467, 42.241, 998, M, M, 0.07, 0.5, 7
MI, ADA 0.7 SE, CoCoRaHS, -85.477, 42.949, 624, M, M, 0.01, 0.1, 11
MI, GRAND RAPIDS 3.1 NNE, CoCoRaHS, -85.641, 43.005, 697, M, M, 0.00, 0.0, M
MI, LOWELL 1.4 ESE, CoCoRaHS, -85.322, 42.924, 708, M, M, 0.01, M, M
MI, GRAND RAPIDS 3.0 NW, CoCoRaHS, -85.692, 42.995, 621, M, M, M, M, M
MI, CALEDONIA 4.4 WNW, CoCoRaHS, -85.589, 42.825, 762, M, M, 0.01, 0.2, 10
MI, KENTWOOD 1.6 WSW, CoCoRaHS, -85.622, 42.874, 745, M, M, T, M, M
MI, KALAMAZOO 6.0 SW, CoCoRaHS, -85.659, 42.206, 899, M, M, 0.01, T, M
MI, KALAMAZOO 5.6 E, CoCoRaHS, -85.479, 42.269, 856, M, M, 0.00, 0.0, M
MI, WHITE CLOUD 7.5 ENE, CoCoRaHS, -85.642, 43.606, 978, M, M, T, 0.1, 10
MI, HOLLAND 3.9 NNE, CoCoRaHS, -86.068, 42.823, 617, M, M, T, T, 13
MI, HOLLAND 4.4 NW, CoCoRaHS, -86.151, 42.823, 653, M, M, 0.05, 2.0, M
MI, PAW PAW 3.6 NNE, CoCoRaHS, -85.862, 42.266, 709, M, M, T, T, 8
MI, ALMA 0.3 NW, CoCoRaHS, -84.659, 43.382, 738, M, M, T, 0.1, M
MI, NWSFO GRAND RAPIDS, COOP, -85.545, 42.893, 775, 22, -2, 0.01, 0.2, 11
MI, BALDWIN MICHIGAN, RAWS, -85.851, 43.893, 832, M, M, M, M, M
MI, HARRISON 5.2 ESE, CoCoRaHS, -84.702, 43.989, 974, M, M, T, T, M
MI, GRAND RAPIDS 2.9 NW, CoCoRaHS, -85.694, 42.992, 637, M, M, T, T, 14
MI, SHEPHERD 3.7 SSE, CoCoRaHS, -84.667, 43.474, 782, M, M, T, T, M
MI, ROCKFORD, COOP, -85.564, 43.116, 716, M, M, M, M, M
MI, EAST GRAND RAPIDS, COOP, -85.613, 42.938, 746, 21, -0, T, T, 11
MI, SAUGATUCK 0.6 E, CoCoRaHS, -86.193, 42.656, 616, M, M, T, M, M
MI, HOLLAND 3.0 W, CoCoRaHS, -86.162, 42.771, 622, M, M, 0.08, 1.0, M
MI, WEST OLIVE 4.0 WNW, CoCoRaHS, -86.213, 42.953, 608, M, M, 0.58A, M, 12
MI, GRAND RAPIDS 5.5 SSE, CoCoRaHS, -85.602, 42.891, 769, M, M, M, M, M
MI, PLAINWELL 0.5 WSW, CoCoRaHS, -85.654, 42.443, 740, M, M, 0.01, 0.1, 10
MI, BIG RAPIDS 5.4 S, CoCoRaHS, -85.476, 43.626, 887, M, M, M, M, M
MI, HOLLAND 5.3 WSW, CoCoRaHS, -86.202, 42.749, 670, M, M, M, M, M
MI, EDMORE 3.8 ESE, CoCoRaHS, -84.973, 43.380, 1008, M, M, T, T, M
MI, EATON RAPIDS 6.6 N, CoCoRaHS, -84.675, 42.604, 911, M, M, T, M, M
MI, GRANDVILLE 0.6 SSW, CoCoRaHS, -85.760, 42.895, 630, M, M, T, M, M
MI, BIG RAPIDS 3.1 SE, CoCoRaHS, -85.435, 43.677, 942, M, M, T, T, M
MI, CALEDONIA 2.6 NNW, CoCoRaHS, -85.535, 42.827, 823, M, M, 0.04, M, 14
MI, PAW PAW 0.7 ESE, CoCoRaHS, -85.877, 42.216, 747, M, M, 1.38, 5.8, M
MI, PAW PAW 2.0 NE, CoCoRaHS, -85.862, 42.237, 760, M, M, T, T, 7
MI, HOLLAND 4.2 NW, CoCoRaHS, -86.149, 42.822, 622, M, M, 0.08, 1.0, M
MI, OTSEGO 0.9 WNW, CoCoRaHS, -85.713, 42.462, 720, M, M, 0.00, 0.0, M
MI, SPRING LAKE 1.4 NNW, CoCoRaHS, -86.200, 43.093, 609, M, M, 0.00, 0.0, M
MI, LANSING 1.0 ENE, CoCoRaHS, -84.535, 42.715, 853, M, M, 0.03, 0.4, 4
MI, LOWELL 5.5 NW, CoCoRaHS, -85.424, 42.988, 831, M, M, M, M, M
MI, LOWELL 5.5 N, CoCoRaHS, -85.351, 43.012, 805, M, M, 0.02, 0.1, 10
MI, PORTAGE 0.8 WSW, CoCoRaHS, -85.605, 42.198, 876, M, M, M, M, M
MI, EDGEMONT PARK 0.7 NNE, CoCoRaHS, -84.587, 42.756, 820, M, M, M, M, M
MI, GOBLES 1.0 ESE, CoCoRaHS, -85.859, 42.357, 785, M, M, T, T, 12
MI, IONIA 3 W, COOP, -85.121, 42.981, 795, 22, -5, T, 0.2, 10
MI, Match-E-Be-Nash-She-Wish Pottawatomi, TSCAN, -85.743, 42.608, 734, 27, -6, 0.00, M, M
MI, PORTAGE 5.6 E, CoCoRaHS, -85.482, 42.212, 888, M, M, 0.00, 0.0, M
MI, LANSING 4.7 NW, CoCoRaHS, -84.624, 42.753, 858, M, M, 0.09, 1.0, M
MI, KALAMAZOO 1.6 WSW, CoCoRaHS, -85.617, 42.266, 941, M, M, M, M, M
MI, BATTLE CREEK 0.6 S, CoCoRaHS, -85.227, 42.290, 922, M, M, S, M, M
MI, COOPERSVILLE 0.7 NNE, CoCoRaHS, -85.929, 43.075, 653, M, M, 0.01, M, 16
MI, MOUNT PLEASANT 1.4 NE, CoCoRaHS, -84.755, 43.609, 765, M, M, T, M, M
MI, SPRINGFIELD 0.6 WNW, CoCoRaHS, -85.247, 42.328, 883, M, M, 0.03, M, M
MI, JENISON 0.8 W, CoCoRaHS, -85.845, 42.910, 679, M, M, 0.00, 0.0, M
MI, GRANDVILLE 1 SW, COOP, -85.779, 42.897, 618, 23, 1, 0.01, 0.1, 11
MI, WOODLAND 4.0 SSE, CoCoRaHS, -85.096, 42.676, 873, M, M, M, M, M
MI, WALKER 5.1 W, CoCoRaHS, -85.849, 42.987, 755, M, M, T, T, 13
MI, SPARTA 0.3 NE, CoCoRaHS, -85.705, 43.160, 761, M, M, T, M, M
MI, LAINGSBURG 2.1 NW, CoCoRaHS, -84.376, 42.913, 811, M, M, T, M, 7
MI, COOPERSVILLE 5.1 WSW, CoCoRaHS, -86.029, 43.041, 639, M, M, 0.00, 0.0, M
MI, NORTH MUSKEGON 4.9 NE, CoCoRaHS, -86.197, 43.295, 635, M, M, M, M, M
MI, GALESBURG 2.5 W, CoCoRaHS, -85.466, 42.297, 900, M, M, M, M, M
MI, VESTABURG 1.7 S, CoCoRaHS, -84.905, 43.375, 909, M, M, T, T, 13
MI, LUDINGTON 1.8 NE, CoCoRaHS, -86.423, 43.979, 597, M, M, S, M, M
MI, PENTWATER 0.4 NNE, CoCoRaHS, -86.428, 43.785, 609, M, M, 0.02, M, M
MI, EAST LANSING 1.4 NNW, CoCoRaHS, -84.492, 42.756, 884, M, M, 0.08, 1.0, M
KY, PARIS, COOP, -84.238, 38.205, 795, M, M, 0.04, M, M
KY, CYNTHIANA, COOP, -84.303, 38.377, 700, M, M, T, 0.0, 0
IN, REELSVILLE 4 SW, COOP, -87.003, 39.502, 628, M, M, 0.00, M, M
MI, NILES, COOP, -86.266, 41.841, 650, 26, -1, 0.21, 7.0, 12
MI, HILLSDALE, COOP, -84.641, 41.935, 1080, 21, 1, 0.01, 0.5, 7
MI, THREE RIVERS, COOP, -85.638, 41.930, 810, 25, -0, 0.01, T, 6
MI, COLDWATER ST SCHOOL, COOP, -84.992, 41.962, 984, 21, -3, 0.00, 0.0, 4
MI, BENTON HARBOR AIRPORT, COOP, -86.427, 42.125, 625, 22, -6, 0.25, 6.5, 12
OH, MIDDLETOWN, COOP, -84.407, 39.516, 646, M, M, 0.03, M, M
OH, OXFORD, COOP, -84.718, 39.507, 783, M, M, 0.03, M, M
OH, GERMANTOWN DAM, COOP, -84.401, 39.636, 738, M, M, 0.01, M, M
OH, EATON, COOP, -84.635, 39.733, 1002, 22, -0, 0.01, M, M
OH, WEST MANCHESTER 3 WSW, COOP, -84.656, 39.873, 1109, M, M, 0.03, M, M
OH, GREENVILLE WATER PLANT, COOP, -84.650, 40.103, 1030, 15, -0, 0.01, 0.1, 2
OH, VERSAILLES, COOP, -84.495, 40.221, 966, M, M, 0.02, M, M
OH, FORT RECOVERY, COOP, -84.786, 40.410, 935, M, M, 0.00, M, M
OH, ST. MARYS 3 W, COOP, -84.437, 40.545, 874, M, M, 0.13A, M, M
OH, CELINA 3 NE, COOP, -84.537, 40.569, 866, 14, -1, T, T, 2
OH, VAN WERT 1 S, COOP, -84.581, 40.849, 790, 22, 3, 0.14, 0.5, 3
OH, PAULDING, COOP, -84.592, 41.125, 725, 24, 5, 0.01, 0.2, 2
OH, DEFIANCE, COOP, -84.385, 41.278, 700, 21, -0, 0.19, 1.0, 2
OH, HICKSVILLE, COOP, -84.760, 41.287, 750, 22, 2, T, T, 2
OH, BRYAN 2 SE, COOP, -84.527, 41.462, 730, 24, 1, 0.03, M, M
OH, MONTPELIER, COOP, -84.586, 41.589, 873, 23, 1, 0.03, 0.9, 4
IN, LEBANON 6 W, COOP, -86.574, 40.051, 925, M, M, T, T, 2
IN, CARMEL 3 E, COOP, -86.058, 39.962, 752, 13, -0, 0.01, 0.1, 1
IN, SHELBYVILLE MUNICIPAL AP, WBAN, -85.800, 39.585, 802, 17, 1, T, M, M
OH, DEFIANCE AP, WBAN, -84.428, 41.336, 706, 21, -1, T, M, M
IN, DANVILLE 3 SW, COOP, -86.536, 39.734, 956, M, M, T, 1.8, 2
IN, FRANKLIN 1 W, COOP, -86.073, 39.489, 745, M, M, 0.03, 0.5, 2
IN, BUTLER 1 SE, COOP, -84.854, 41.408, 850, M, M, 0.00, M, M
IN, INDIANAPOLIS WFO, COOP, -86.281, 39.707, 790, 16, -1, T, T, 1
MI, DOWAGIAC 1 W, COOP, -86.132, 41.986, 740, 23, -2, 0.25, 4.0, 10
IN, FORT WAYNE INTL AP, WBAN, -85.206, 40.972, 797, 19, 2, T, T, 3
IN, MUNCIE DELAWARE COUNTY AP, WBAN, -85.394, 40.235, 936, 13, 2, T, M, M
OH, CHILO MELDAHL LOCKS & DAM, COOP, -84.173, 38.797, 480, M, M, 0.10, M, M
OH, KINGS MILLS, COOP, -84.260, 39.353, 762, M, M, 0.06, 0.6, 2
OH, LOVELAND 5.3 SE, CoCoRaHS, -84.218, 39.216, 837, M, M, M, M, M
KY, AUGUSTA 2, COOP, -84.013, 38.770, 508, 27, 5, 0.03, 1.0, 3
KY, CARLISLE 7.6 NNW, CoCoRaHS, -84.070, 38.420, 846, M, M, 0.02, M, M
OH, CHERRY GROVE 0.4 NW, CoCoRaHS, -84.328, 39.084, 862, M, M, 0.05, 0.5, 2
OH, MASON 4.3 SSW, CoCoRaHS, -84.330, 39.300, 871, M, M, M, M, M
OH, AMELIA, COOP, -84.218, 39.021, 888, M, M, 0.01, 0.2, 2
KY, CALIFORNIA 5 NW, COOP, -84.337, 38.969, 599, M, M, 0.12, 2.0, 2
OH, WITHAMSVILLE 1.4 NW, CoCoRaHS, -84.290, 39.072, 918, M, M, 0.20, 1.0, 2
OH, LOVELAND 3.6 ENE, CoCoRaHS, -84.216, 39.293, 790, M, M, 0.02, 1.1, 3
OH, LOVELAND 2.1 S, CoCoRaHS, -84.267, 39.237, 830, M, M, 0.03, M, M
OH, LOVELAND 3.1 SE, CoCoRaHS, -84.237, 39.233, 841, M, M, 0.04, M, M
OH, SHERWOOD 1.3 SSW, CoCoRaHS, -84.371, 39.067, 812, M, M, 0.01, 0.3, M
OH, MASON 2.6 SSW, CoCoRaHS, -84.328, 39.326, 901, M, M, 0.00A, M, 3
OH, BLANCHESTER 3.0 NW, CoCoRaHS, -84.013, 39.324, 933, M, M, 0.06, M, M
OH, WILLIAMSBURG 1.4 ESE, CoCoRaHS, -84.029, 39.043, 905, M, M, T, T, M
OH, MASON 0.9 E, CoCoRaHS, -84.290, 39.360, 811, M, M, M, M, M
KY, CYNTHIANA 5.6 NNE, CoCoRaHS, -84.238, 38.455, 853, M, M, 0.02, 0.2, M
OH, MOUNT CARMEL 0.5 WNW, CoCoRaHS, -84.307, 39.100, 860, M, M, M, M, M
MI, MORENCI, COOP, -84.215, 41.722, 770, 24, -2, T, T, 4
MI, ADRIAN 2 NNE, COOP, -84.016, 41.916, 760, 23, 6, 0.03, T, 7
MI, MANCHESTER, COOP, -84.024, 42.151, 965, 22, -2, M, M, 7
MI, TIPTON 2WNW, COOP, -84.111, 42.028, 970, M, M, M, M, M
OH, FRANKLIN, COOP, -84.319, 39.554, 679, 25, 5, T, 0.3, 2
OH, DAYTON WRIGHT BROTHERS AP, WBAN, -84.226, 39.592, 953, 17, 3, T, M, M
OH, DAYTON MCD, COOP, -84.190, 39.782, 743, M, M, 0.02, M, M
OH, NEW CARLISLE, COOP, -84.033, 39.932, 874, 25, 4, 0.04, 2.0, 4
OH, TIPP CITY, COOP, -84.175, 39.957, 840, M, M, 0.05, 0.8, 2
OH, PLEASANT HILL, COOP, -84.358, 40.055, 857, M, M, 0.03, M, M
OH, PIQUA WWTP, COOP, -84.234, 40.131, 853, 25, 10, 0.00, M, M
OH, PIQUA, COOP, -84.237, 40.153, 861, M, M, 0.02, T, 1
OH, SIDNEY 1 S, COOP, -84.151, 40.271, 940, 21, 4, 0.04, M, M
OH, LIMA ALLEN COUNTY AP, WBAN, -84.021, 40.708, 961, 16, 2, T, M, M
OH, LIMA WWTP, COOP, -84.129, 40.725, 850, 15, 3, 0.00, 0.0, 3
OH, OTTAWA, COOP, -84.054, 41.032, 730, M, M, 0.00, 0.0, 2
OH, WAUSEON WATER PLANT, COOP, -84.145, 41.518, 750, 22, -3, 0.03, 0.0, 3
MI, ADRIAN LENAWEE COUNTY AP, WBAN, -84.079, 41.868, 801, 23, 2, T, M, M
OH, DAYTON INTERNATIONAL AIRPORT, WBAN, -84.219, 39.906, 993, 17, 4, T, 0.1, 1
OH, LIMA 2.7 NE, CoCoRaHS, -84.080, 40.774, 867, M, M, 0.07, 1.7, 4
OH, DELPHOS 2.3 ESE, CoCoRaHS, -84.298, 40.834, 783, M, M, 0.08, M, M
OH, WAPAKONETA 0.3 SW, CoCoRaHS, -84.196, 40.568, 899, M, M, M, 1.5, M
OH, KETTERING 0.2 ESE, CoCoRaHS, -84.146, 39.695, 999, M, M, 0.02, 2.0, 4
OH, HOUSTON 1.3 NNE, CoCoRaHS, -84.325, 40.271, 978, M, M, 0.08, 1.7, M
OH, LEBANON 3.4 E, CoCoRaHS, -84.149, 39.420, 929, M, M, 0.04, 0.7, 2
OH, NAPOLEON 0.6 WSW, CoCoRaHS, -84.138, 41.391, 675, M, M, 0.01, 0.4, 2
OH, HUBER HEIGHTS 1.8 NNW, CoCoRaHS, -84.128, 39.880, 989, M, M, 0.11, 1.0, 2
OH, DAYTON 3.2 SSE, CoCoRaHS, -84.167, 39.717, 970, M, M, M, M, M
OH, UNION 1.0 WSW, CoCoRaHS, -84.328, 39.898, 981, M, M, 0.02, 0.6, 2
OH, NAPOLEON 4.5 NNW, CoCoRaHS, -84.150, 41.457, 705, M, M, 0.02, 0.5, 3
OH, CENTERVILLE 3.9 S, CoCoRaHS, -84.150, 39.585, 1002, M, M, 0.07, 1.0, 3
OH, FAYETTE 4.3 ESE, CoCoRaHS, -84.250, 41.622, 723, M, M, M, M, M
OH, BEAVERCREEK 1.5 ENE, CoCoRaHS, -84.036, 39.735, 949, M, M, 0.03, M, M
OH, MIAMISBURG 1.5 SE, CoCoRaHS, -84.253, 39.623, 959, M, M, 0.06, 0.6, M
OH, OTTAWA 1.0 N, CoCoRaHS, -84.043, 41.036, 740, M, M, 0.06, 2.8, 3
OH, TROY 3.1 S, CoCoRaHS, -84.211, 40.000, 881, M, M, 0.02, 0.5, 2
OH, SIDNEY 5.4 SW, CoCoRaHS, -84.241, 40.237, 928, M, M, 0.04, 1.1, 2
OH, FRANKLIN MCD, COOP, -84.315, 39.553, 670, M, M, T, M, M
OH, LIMA 3.0 SSE, CoCoRaHS, -84.097, 40.701, 886, M, M, 0.06, M, M
OH, TIPP CITY 0.6 SE, CoCoRaHS, -84.175, 39.957, 840, M, M, 0.05, 0.8, 2
OH, DAYTON 3.7 SE, CoCoRaHS, -84.147, 39.742, 918, M, M, M, M, M
OH, WAUSEON 1.8 S, CoCoRaHS, -84.144, 41.528, 749, M, M, 0.05, M, M
OH, FORT LORAMIE, COOP, -84.373, 40.357, 951, M, M, 0.04, 1.0, 2
OH, SPRINGBORO 3.7 SE, CoCoRaHS, -84.184, 39.530, 839, M, M, M, M, M
OH, MIDDLETOWN 2.7 NNE, CoCoRaHS, -84.346, 39.539, 728, M, M, 0.03, 0.2, 3
OH, ARCHBOLD 4.7 NW, CoCoRaHS, -84.361, 41.568, 717, M, M, 0.04, M, M
OH, DAYTON 5.8 NNW, CoCoRaHS, -84.223, 39.860, 988, M, M, 0.04, M, M
OH, LEBANON 3.7 ENE, CoCoRaHS, -84.146, 39.440, 909, M, M, 0.05, 0.9, 2
OH, BEAVERCREEK 2.0 NE, CoCoRaHS, -84.034, 39.749, 970, M, M, 0.03, 0.4, 2
OH, ELIDA 1.4 WNW, CoCoRaHS, -84.223, 40.797, 792, M, M, M, M, M
OH, FAIRBORN 2.0 SW, CoCoRaHS, -84.039, 39.781, 875, M, M, 0.04, 1.0, 3
OH, TROY 1.8 W, CoCoRaHS, -84.252, 40.045, 916, M, M, 0.00, 0.0, M
OH, CLAYTON 0.6 E, CoCoRaHS, -84.344, 39.861, 997, M, M, 0.03, 0.4, M
OH, BEAVERCREEK 1.1 SW, CoCoRaHS, -84.074, 39.717, 857, M, M, 0.05, 0.9, 3
OH, LIMA 7.3 SE, CoCoRaHS, -84.033, 40.656, 927, M, M, 0.05, 1.5, 3
OH, DAYTON 6.0 NNW, CoCoRaHS, -84.243, 39.859, 919, M, M, 0.02, 0.5, M
OH, NEW BAVARIA 2.3 WSW, CoCoRaHS, -84.210, 41.193, 739, M, M, 0.00, 0.0, M
OH, TIPP CITY 2.4 S, CoCoRaHS, -84.176, 39.929, 921, M, M, M, M, M
OH, ENGLEWOOD 0.7 E, CoCoRaHS, -84.294, 39.859, 947, M, M, 0.00, 0.0, M
OH, DAYTON 6.1 S, CoCoRaHS, -84.176, 39.668, 937, M, M, M, M, M
OH, RIVERSIDE 1.9 NW, CoCoRaHS, -84.151, 39.797, 776, M, M, 0.02, 1.7, M
OH, HUBER HEIGHTS 2.3 WNW, CoCoRaHS, -84.154, 39.868, 846, M, M, 0.04, M, M
OH, BEAVERCREEK 2.5 NNW, CoCoRaHS, -84.074, 39.764, 1001, M, M, 0.03, 0.5, 2
OH, WEST MILTON 1.7 NW, CoCoRaHS, -84.348, 39.971, 975, M, M, 0.03, 0.7, 2
OH, BEAVERCREEK 0.9 SW, CoCoRaHS, -84.074, 39.721, 858, M, M, M, M, M
OH, LEIPSIC 5.4 W, CoCoRaHS, -84.088, 41.108, 743, M, M, 0.02, 1.0, M
OH, CENTERVILLE 0.7 E, CoCoRaHS, -84.127, 39.639, 971, M, M, 0.08, 0.8, M
OH, NAPOLEON 1.2 SSE, CoCoRaHS, -84.116, 41.380, 671, M, M, 0.01, 0.1, M
OH, SPRINGBORO 1.3 SSE, CoCoRaHS, -84.226, 39.546, 800, M, M, M, M, M
OH, DAYTON 5.5 ESE, CoCoRaHS, -84.101, 39.751, 940, M, M, 0.06, M, M
OH, PIQUA 1.4 SSW, CoCoRaHS, -84.264, 40.129, 944, M, M, 0.04, M, M
OH, KETTERING 2.0 W, CoCoRaHS, -84.187, 39.694, 936, M, M, 0.03, M, M
OH, FIVE POINTS 1.9 NE, CoCoRaHS, -84.172, 39.582, 1082, M, M, M, 0.5, M
MI, CHELSEA, COOP, -84.013, 42.326, 900, 21, -0, 0.02, 0.3, 7
MI, OWOSSO WWTP, COOP, -84.180, 43.016, 730, 19, -1, 0.02, 0.4, 6
MI, CHESANING, COOP, -84.111, 43.194, 620, M, M, 0.01, 0.1, 3
MI, MIDLAND, COOP, -84.201, 43.609, 640, 19, -2, 0.00, 0.0, 6
MI, SAGINAW MBS INTL AP, WBAN, -84.081, 43.528, 662, 21, -1, T, T, 6
MI, AUBURN 2NE, COOP, -84.019, 43.625, 605, 19, -3, T, 0.2, 8
MI, DANSVILLE 1.6 S, CoCoRaHS, -84.307, 42.532, 966, M, M, M, M, M
MI, DURAND 6.2 WNW, CoCoRaHS, -84.105, 42.930, 820, M, M, T, M, 3
MI, WILLIAMSTON 4.0 ESE, CoCoRaHS, -84.216, 42.659, 890, M, M, 0.04, 0.5, 4
MI, SAGINAW 8NW, COOP, -84.096, 43.495, 618, M, M, T, M, 6
MI, MIDLAND 1.5 NNE, CoCoRaHS, -84.217, 43.644, 653, M, M, M, T, M
MI, SAGINAW 6.4 W, CoCoRaHS, -84.078, 43.423, 613, M, M, S, M, M
MI, CHELSEA 2.4 S, CoCoRaHS, -84.030, 42.281, 980, M, M, M, M, M
MI, HOWELL 3.7 WSW, CoCoRaHS, -84.006, 42.598, 898, M, M, M, T, M
MI, MIDLAND 4.4 SW, CoCoRaHS, -84.278, 43.571, 626, M, M, 0.02A, M, M
MI, OWOSSO 1.0 NW, CoCoRaHS, -84.187, 43.007, 742, M, M, 0.01, 0.2, M
MI, MIDLAND 1.5 NE, CoCoRaHS, -84.206, 43.637, 667, M, M, M, M, M